{"timestamp":"2025-10-17T07:40:36.399Z","level":"WARN","message":"Route not found: GET /.well-known/appspecific/com.chrome.devtools.json"}
{"timestamp":"2025-10-17T07:40:40.953Z","level":"WARN","message":"Route not found: GET /.well-known/appspecific/com.chrome.devtools.json"}
{"timestamp":"2025-10-17T07:41:35.737Z","level":"WARN","message":"Route not found: GET /.well-known/appspecific/com.chrome.devtools.json"}
{"timestamp":"2025-10-17T07:46:16.796Z","level":"WARN","message":"Route not found: GET /ping"}
{"timestamp":"2025-10-17T07:46:21.681Z","level":"WARN","message":"Route not found: POST /api/auth/login"}
{"timestamp":"2025-10-17T07:47:59.526Z","level":"WARN","message":"Route not found: POST /api/auth/login"}
{"timestamp":"2025-10-17T07:48:01.066Z","level":"WARN","message":"Route not found: GET /ping"}
{"timestamp":"2025-10-17T07:48:02.392Z","level":"WARN","message":"Route not found: POST /api/auth/login"}
{"timestamp":"2025-10-17T07:48:29.193Z","level":"WARN","message":"Route not found: POST /error"}
{"timestamp":"2025-10-17T07:48:29.199Z","level":"WARN","message":"Route not found: POST /error"}
{"timestamp":"2025-10-17T07:48:29.203Z","level":"WARN","message":"Route not found: POST /error"}
{"timestamp":"2025-10-17T07:48:29.207Z","level":"WARN","message":"Route not found: POST /error"}
{"timestamp":"2025-10-17T07:48:29.211Z","level":"WARN","message":"Route not found: POST /error"}
{"timestamp":"2025-10-17T07:48:29.215Z","level":"WARN","message":"Route not found: POST /error"}
{"timestamp":"2025-10-17T07:48:29.220Z","level":"WARN","message":"Route not found: POST /error"}
{"timestamp":"2025-10-17T07:48:29.224Z","level":"WARN","message":"Route not found: POST /error"}
{"timestamp":"2025-10-17T07:48:29.228Z","level":"WARN","message":"Route not found: POST /error"}
{"timestamp":"2025-10-17T07:48:29.231Z","level":"WARN","message":"Route not found: POST /error"}
{"timestamp":"2025-10-17T07:48:29.235Z","level":"WARN","message":"Route not found: POST /error"}
{"timestamp":"2025-10-17T07:48:29.238Z","level":"WARN","message":"Route not found: POST /error"}
{"timestamp":"2025-10-17T07:48:29.241Z","level":"WARN","message":"Route not found: POST /error"}
{"timestamp":"2025-10-17T07:48:29.245Z","level":"WARN","message":"Route not found: POST /error"}
{"timestamp":"2025-10-17T07:48:29.249Z","level":"WARN","message":"Route not found: POST /error"}
{"timestamp":"2025-10-17T07:48:29.253Z","level":"WARN","message":"Route not found: POST /error"}
{"timestamp":"2025-10-17T07:48:29.257Z","level":"WARN","message":"Route not found: POST /error"}
{"timestamp":"2025-10-17T07:48:29.261Z","level":"WARN","message":"Route not found: POST /error"}
{"timestamp":"2025-10-17T07:48:29.264Z","level":"WARN","message":"Route not found: POST /error"}
{"timestamp":"2025-10-17T07:48:29.268Z","level":"WARN","message":"Route not found: POST /error"}
{"timestamp":"2025-10-17T07:48:29.272Z","level":"WARN","message":"Route not found: POST /error"}
{"timestamp":"2025-10-17T07:48:29.277Z","level":"WARN","message":"Route not found: POST /error"}
{"timestamp":"2025-10-17T07:48:29.281Z","level":"WARN","message":"Route not found: POST /error"}
{"timestamp":"2025-10-17T07:48:29.285Z","level":"WARN","message":"Route not found: POST /error"}
{"timestamp":"2025-10-17T07:48:29.289Z","level":"WARN","message":"Route not found: POST /error"}
{"timestamp":"2025-10-17T07:48:29.293Z","level":"WARN","message":"Route not found: POST /error"}
{"timestamp":"2025-10-17T07:48:29.297Z","level":"WARN","message":"Route not found: POST /error"}
{"timestamp":"2025-10-17T07:48:29.300Z","level":"WARN","message":"Route not found: POST /error"}
{"timestamp":"2025-10-17T07:48:29.304Z","level":"WARN","message":"Route not found: POST /error"}
{"timestamp":"2025-10-17T07:48:29.308Z","level":"WARN","message":"Route not found: POST /error"}
{"timestamp":"2025-10-17T07:48:29.312Z","level":"WARN","message":"Route not found: POST /error"}
{"timestamp":"2025-10-17T07:48:29.315Z","level":"WARN","message":"Route not found: POST /error"}
{"timestamp":"2025-10-17T07:48:29.319Z","level":"WARN","message":"Route not found: POST /error"}
{"timestamp":"2025-10-17T07:48:29.323Z","level":"WARN","message":"Route not found: POST /error"}
{"timestamp":"2025-10-17T07:48:29.328Z","level":"WARN","message":"Route not found: POST /error"}
{"timestamp":"2025-10-17T07:48:29.332Z","level":"WARN","message":"Route not found: POST /error"}
{"timestamp":"2025-10-17T07:48:29.336Z","level":"WARN","message":"Route not found: POST /error"}
{"timestamp":"2025-10-17T07:48:29.339Z","level":"WARN","message":"Route not found: POST /error"}
{"timestamp":"2025-10-17T07:48:29.342Z","level":"WARN","message":"Route not found: POST /error"}
{"timestamp":"2025-10-17T07:48:29.346Z","level":"WARN","message":"Route not found: POST /error"}
{"timestamp":"2025-10-17T07:48:29.350Z","level":"WARN","message":"Route not found: POST /error"}
{"timestamp":"2025-10-17T07:48:29.353Z","level":"WARN","message":"Route not found: POST /error"}
{"timestamp":"2025-10-17T07:48:29.357Z","level":"WARN","message":"Route not found: POST /error"}
{"timestamp":"2025-10-17T07:48:29.361Z","level":"WARN","message":"Route not found: POST /error"}
{"timestamp":"2025-10-17T07:48:29.365Z","level":"WARN","message":"Route not found: POST /error"}
{"timestamp":"2025-10-17T07:48:29.368Z","level":"WARN","message":"Route not found: POST /error"}
{"timestamp":"2025-10-17T07:48:29.372Z","level":"WARN","message":"Route not found: POST /error"}
{"timestamp":"2025-10-17T07:48:29.376Z","level":"WARN","message":"Route not found: POST /error"}
{"timestamp":"2025-10-17T07:48:29.379Z","level":"WARN","message":"Route not found: POST /error"}
{"timestamp":"2025-10-17T07:48:29.383Z","level":"WARN","message":"Route not found: POST /error"}
{"timestamp":"2025-10-17T07:48:29.387Z","level":"WARN","message":"Route not found: POST /error"}
{"timestamp":"2025-10-17T07:48:29.390Z","level":"WARN","message":"Route not found: POST /error"}
{"timestamp":"2025-10-17T07:48:29.394Z","level":"WARN","message":"Route not found: POST /error"}
{"timestamp":"2025-10-17T07:48:29.399Z","level":"WARN","message":"Route not found: POST /error"}
{"timestamp":"2025-10-17T07:48:29.402Z","level":"WARN","message":"Route not found: POST /error"}
{"timestamp":"2025-10-17T07:48:29.406Z","level":"WARN","message":"Route not found: POST /error"}
{"timestamp":"2025-10-17T07:48:29.409Z","level":"WARN","message":"Route not found: POST /error"}
{"timestamp":"2025-10-17T07:48:29.413Z","level":"WARN","message":"Route not found: POST /error"}
{"timestamp":"2025-10-17T07:48:29.417Z","level":"WARN","message":"Route not found: POST /error"}
{"timestamp":"2025-10-17T07:48:29.420Z","level":"WARN","message":"Route not found: POST /error"}
{"timestamp":"2025-10-17T07:48:29.424Z","level":"WARN","message":"Route not found: POST /error"}
{"timestamp":"2025-10-17T07:48:29.428Z","level":"WARN","message":"Route not found: POST /error"}
{"timestamp":"2025-10-17T07:48:29.432Z","level":"WARN","message":"Route not found: POST /error"}
{"timestamp":"2025-10-17T07:48:29.435Z","level":"WARN","message":"Route not found: POST /error"}
{"timestamp":"2025-10-17T07:48:29.439Z","level":"WARN","message":"Route not found: POST /error"}
{"timestamp":"2025-10-17T07:48:29.443Z","level":"WARN","message":"Route not found: POST /error"}
{"timestamp":"2025-10-17T07:48:29.448Z","level":"WARN","message":"Route not found: POST /error"}
{"timestamp":"2025-10-17T07:48:29.451Z","level":"WARN","message":"Route not found: POST /error"}
{"timestamp":"2025-10-17T07:48:29.455Z","level":"WARN","message":"Route not found: POST /error"}
{"timestamp":"2025-10-17T07:48:29.458Z","level":"WARN","message":"Route not found: POST /error"}
{"timestamp":"2025-10-17T07:48:29.462Z","level":"WARN","message":"Route not found: POST /error"}
{"timestamp":"2025-10-17T07:48:29.465Z","level":"WARN","message":"Route not found: POST /error"}
{"timestamp":"2025-10-17T07:48:29.470Z","level":"WARN","message":"Route not found: POST /error"}
{"timestamp":"2025-10-17T07:48:29.473Z","level":"WARN","message":"Route not found: POST /error"}
{"timestamp":"2025-10-17T07:48:29.478Z","level":"WARN","message":"Route not found: POST /error"}
{"timestamp":"2025-10-17T07:48:29.481Z","level":"WARN","message":"Route not found: POST /error"}
{"timestamp":"2025-10-17T07:48:29.485Z","level":"WARN","message":"Route not found: POST /error"}
{"timestamp":"2025-10-17T07:48:29.488Z","level":"WARN","message":"Route not found: POST /error"}
{"timestamp":"2025-10-17T07:48:29.492Z","level":"WARN","message":"Route not found: POST /error"}
{"timestamp":"2025-10-17T07:48:29.495Z","level":"WARN","message":"Route not found: POST /error"}
{"timestamp":"2025-10-17T07:48:29.499Z","level":"WARN","message":"Route not found: POST /error"}
{"timestamp":"2025-10-17T07:48:29.502Z","level":"WARN","message":"Route not found: POST /error"}
{"timestamp":"2025-10-17T07:48:29.506Z","level":"WARN","message":"Route not found: POST /error"}
{"timestamp":"2025-10-17T07:48:29.509Z","level":"WARN","message":"Route not found: POST /error"}
{"timestamp":"2025-10-17T07:48:29.513Z","level":"WARN","message":"Route not found: POST /error"}
{"timestamp":"2025-10-17T07:48:29.516Z","level":"WARN","message":"Route not found: POST /error"}
{"timestamp":"2025-10-17T07:48:29.520Z","level":"WARN","message":"Route not found: POST /error"}
{"timestamp":"2025-10-17T07:48:29.523Z","level":"WARN","message":"Route not found: POST /error"}
{"timestamp":"2025-10-17T07:48:29.527Z","level":"WARN","message":"Route not found: POST /error"}
{"timestamp":"2025-10-17T07:48:29.531Z","level":"WARN","message":"Route not found: POST /error"}
{"timestamp":"2025-10-17T07:48:29.534Z","level":"WARN","message":"Route not found: POST /error"}
{"timestamp":"2025-10-17T07:48:29.537Z","level":"WARN","message":"Route not found: POST /error"}
{"timestamp":"2025-10-17T07:48:29.541Z","level":"WARN","message":"Route not found: POST /error"}
{"timestamp":"2025-10-17T07:48:29.544Z","level":"WARN","message":"Route not found: POST /error"}
{"timestamp":"2025-10-17T07:48:29.548Z","level":"WARN","message":"Route not found: POST /error"}
{"timestamp":"2025-10-17T07:48:29.590Z","level":"WARN","message":"Route not found: POST /error"}
{"timestamp":"2025-10-17T07:48:29.705Z","level":"WARN","message":"Route not found: POST /error"}
{"timestamp":"2025-10-17T07:48:29.720Z","level":"WARN","message":"Route not found: POST /error"}
{"timestamp":"2025-10-17T07:50:33.637Z","level":"WARN","message":"Route not found: POST /error"}
{"timestamp":"2025-10-17T07:50:33.674Z","level":"WARN","message":"Route not found: POST /error"}
{"timestamp":"2025-10-17T07:50:33.679Z","level":"WARN","message":"Route not found: POST /error"}
{"timestamp":"2025-10-17T07:50:33.683Z","level":"WARN","message":"Route not found: POST /error"}
{"timestamp":"2025-10-17T07:50:33.686Z","level":"WARN","message":"Route not found: POST /error"}
{"timestamp":"2025-10-17T07:50:33.689Z","level":"WARN","message":"Route not found: POST /error"}
{"timestamp":"2025-10-17T07:50:33.693Z","level":"WARN","message":"Route not found: POST /error"}
{"timestamp":"2025-10-17T07:50:33.697Z","level":"WARN","message":"Route not found: POST /error"}
{"timestamp":"2025-10-17T07:50:33.701Z","level":"WARN","message":"Route not found: POST /error"}
{"timestamp":"2025-10-17T07:50:33.704Z","level":"WARN","message":"Route not found: POST /error"}
{"timestamp":"2025-10-17T07:50:33.707Z","level":"WARN","message":"Route not found: POST /error"}
{"timestamp":"2025-10-17T07:50:33.710Z","level":"WARN","message":"Route not found: POST /error"}
{"timestamp":"2025-10-17T07:50:33.714Z","level":"WARN","message":"Route not found: POST /error"}
{"timestamp":"2025-10-17T07:50:33.718Z","level":"WARN","message":"Route not found: POST /error"}
{"timestamp":"2025-10-17T07:50:33.722Z","level":"WARN","message":"Route not found: POST /error"}
{"timestamp":"2025-10-17T07:50:33.725Z","level":"WARN","message":"Route not found: POST /error"}
{"timestamp":"2025-10-17T07:50:33.731Z","level":"WARN","message":"Route not found: POST /error"}
{"timestamp":"2025-10-17T07:50:33.735Z","level":"WARN","message":"Route not found: POST /error"}
{"timestamp":"2025-10-17T07:50:33.739Z","level":"WARN","message":"Route not found: POST /error"}
{"timestamp":"2025-10-17T07:50:33.743Z","level":"WARN","message":"Route not found: POST /error"}
{"timestamp":"2025-10-17T07:50:33.747Z","level":"WARN","message":"Route not found: POST /error"}
{"timestamp":"2025-10-17T07:50:33.752Z","level":"WARN","message":"Route not found: POST /error"}
{"timestamp":"2025-10-17T07:50:33.756Z","level":"WARN","message":"Route not found: POST /error"}
{"timestamp":"2025-10-17T07:50:33.760Z","level":"WARN","message":"Route not found: POST /error"}
{"timestamp":"2025-10-17T07:50:33.765Z","level":"WARN","message":"Route not found: POST /error"}
{"timestamp":"2025-10-17T07:50:33.768Z","level":"WARN","message":"Route not found: POST /error"}
{"timestamp":"2025-10-17T07:50:33.773Z","level":"WARN","message":"Route not found: POST /error"}
{"timestamp":"2025-10-17T07:50:33.777Z","level":"WARN","message":"Route not found: POST /error"}
{"timestamp":"2025-10-17T07:50:33.781Z","level":"WARN","message":"Route not found: POST /error"}
{"timestamp":"2025-10-17T07:50:33.785Z","level":"WARN","message":"Route not found: POST /error"}
{"timestamp":"2025-10-17T07:50:33.788Z","level":"WARN","message":"Route not found: POST /error"}
{"timestamp":"2025-10-17T07:50:33.792Z","level":"WARN","message":"Route not found: POST /error"}
{"timestamp":"2025-10-17T07:50:33.796Z","level":"WARN","message":"Route not found: POST /error"}
{"timestamp":"2025-10-17T07:50:33.800Z","level":"WARN","message":"Route not found: POST /error"}
{"timestamp":"2025-10-17T07:50:33.804Z","level":"WARN","message":"Route not found: POST /error"}
{"timestamp":"2025-10-17T07:50:33.808Z","level":"WARN","message":"Route not found: POST /error"}
{"timestamp":"2025-10-17T07:50:33.811Z","level":"WARN","message":"Route not found: POST /error"}
{"timestamp":"2025-10-17T07:50:33.815Z","level":"WARN","message":"Route not found: POST /error"}
{"timestamp":"2025-10-17T07:50:33.818Z","level":"WARN","message":"Route not found: POST /error"}
{"timestamp":"2025-10-17T07:50:33.822Z","level":"WARN","message":"Route not found: POST /error"}
{"timestamp":"2025-10-17T07:50:33.825Z","level":"WARN","message":"Route not found: POST /error"}
{"timestamp":"2025-10-17T07:50:33.830Z","level":"WARN","message":"Route not found: POST /error"}
{"timestamp":"2025-10-17T07:50:33.833Z","level":"WARN","message":"Route not found: POST /error"}
{"timestamp":"2025-10-17T07:50:33.836Z","level":"WARN","message":"Route not found: POST /error"}
{"timestamp":"2025-10-17T07:50:33.840Z","level":"WARN","message":"Route not found: POST /error"}
{"timestamp":"2025-10-17T07:50:33.844Z","level":"WARN","message":"Route not found: POST /error"}
{"timestamp":"2025-10-17T07:50:33.847Z","level":"WARN","message":"Route not found: POST /error"}
{"timestamp":"2025-10-17T07:50:33.850Z","level":"WARN","message":"Route not found: POST /error"}
{"timestamp":"2025-10-17T07:50:33.854Z","level":"WARN","message":"Route not found: POST /error"}
{"timestamp":"2025-10-17T07:50:33.857Z","level":"WARN","message":"Route not found: POST /error"}
{"timestamp":"2025-10-17T07:50:33.861Z","level":"WARN","message":"Route not found: POST /error"}
{"timestamp":"2025-10-17T07:50:33.865Z","level":"WARN","message":"Route not found: POST /error"}
{"timestamp":"2025-10-17T07:50:33.869Z","level":"WARN","message":"Route not found: POST /error"}
{"timestamp":"2025-10-17T07:50:33.873Z","level":"WARN","message":"Route not found: POST /error"}
{"timestamp":"2025-10-17T07:50:33.876Z","level":"WARN","message":"Route not found: POST /error"}
{"timestamp":"2025-10-17T07:50:33.880Z","level":"WARN","message":"Route not found: POST /error"}
{"timestamp":"2025-10-17T07:50:33.885Z","level":"WARN","message":"Route not found: POST /error"}
{"timestamp":"2025-10-17T07:50:33.888Z","level":"WARN","message":"Route not found: POST /error"}
{"timestamp":"2025-10-17T07:50:33.892Z","level":"WARN","message":"Route not found: POST /error"}
{"timestamp":"2025-10-17T07:50:33.896Z","level":"WARN","message":"Route not found: POST /error"}
{"timestamp":"2025-10-17T07:50:33.899Z","level":"WARN","message":"Route not found: POST /error"}
{"timestamp":"2025-10-17T07:50:33.902Z","level":"WARN","message":"Route not found: POST /error"}
{"timestamp":"2025-10-17T07:50:33.906Z","level":"WARN","message":"Route not found: POST /error"}
{"timestamp":"2025-10-17T07:50:33.909Z","level":"WARN","message":"Route not found: POST /error"}
{"timestamp":"2025-10-17T07:50:33.913Z","level":"WARN","message":"Route not found: POST /error"}
{"timestamp":"2025-10-17T07:50:33.917Z","level":"WARN","message":"Route not found: POST /error"}
{"timestamp":"2025-10-17T07:50:33.920Z","level":"WARN","message":"Route not found: POST /error"}
{"timestamp":"2025-10-17T07:50:33.925Z","level":"WARN","message":"Route not found: POST /error"}
{"timestamp":"2025-10-17T07:50:33.928Z","level":"WARN","message":"Route not found: POST /error"}
{"timestamp":"2025-10-17T07:50:33.931Z","level":"WARN","message":"Route not found: POST /error"}
{"timestamp":"2025-10-17T07:50:33.935Z","level":"WARN","message":"Route not found: POST /error"}
{"timestamp":"2025-10-17T07:50:33.938Z","level":"WARN","message":"Route not found: POST /error"}
{"timestamp":"2025-10-17T07:50:33.942Z","level":"WARN","message":"Route not found: POST /error"}
{"timestamp":"2025-10-17T07:50:33.947Z","level":"WARN","message":"Route not found: POST /error"}
{"timestamp":"2025-10-17T07:50:33.950Z","level":"WARN","message":"Route not found: POST /error"}
{"timestamp":"2025-10-17T07:50:33.953Z","level":"WARN","message":"Route not found: POST /error"}
{"timestamp":"2025-10-17T07:50:33.957Z","level":"WARN","message":"Route not found: POST /error"}
{"timestamp":"2025-10-17T07:50:33.960Z","level":"WARN","message":"Route not found: POST /error"}
{"timestamp":"2025-10-17T07:50:33.963Z","level":"WARN","message":"Route not found: POST /error"}
{"timestamp":"2025-10-17T07:50:33.967Z","level":"WARN","message":"Route not found: POST /error"}
{"timestamp":"2025-10-17T07:50:33.971Z","level":"WARN","message":"Route not found: POST /error"}
{"timestamp":"2025-10-17T07:50:33.976Z","level":"WARN","message":"Route not found: POST /error"}
{"timestamp":"2025-10-17T07:50:33.980Z","level":"WARN","message":"Route not found: POST /error"}
{"timestamp":"2025-10-17T07:50:33.983Z","level":"WARN","message":"Route not found: POST /error"}
{"timestamp":"2025-10-17T07:50:33.987Z","level":"WARN","message":"Route not found: POST /error"}
{"timestamp":"2025-10-17T07:50:33.991Z","level":"WARN","message":"Route not found: POST /error"}
{"timestamp":"2025-10-17T07:50:33.994Z","level":"WARN","message":"Route not found: POST /error"}
{"timestamp":"2025-10-17T07:50:33.997Z","level":"WARN","message":"Route not found: POST /error"}
{"timestamp":"2025-10-17T07:50:34.001Z","level":"WARN","message":"Route not found: POST /error"}
{"timestamp":"2025-10-17T07:50:34.006Z","level":"WARN","message":"Route not found: POST /error"}
{"timestamp":"2025-10-17T07:50:34.009Z","level":"WARN","message":"Route not found: POST /error"}
{"timestamp":"2025-10-17T07:50:34.014Z","level":"WARN","message":"Route not found: POST /error"}
{"timestamp":"2025-10-17T07:50:34.018Z","level":"WARN","message":"Route not found: POST /error"}
{"timestamp":"2025-10-17T07:50:34.021Z","level":"WARN","message":"Route not found: POST /error"}
{"timestamp":"2025-10-17T07:50:34.025Z","level":"WARN","message":"Route not found: POST /error"}
{"timestamp":"2025-10-17T07:50:34.030Z","level":"WARN","message":"Route not found: POST /error"}
{"timestamp":"2025-10-17T07:50:34.033Z","level":"WARN","message":"Route not found: POST /error"}
{"timestamp":"2025-10-17T07:50:34.037Z","level":"WARN","message":"Route not found: POST /error"}
{"timestamp":"2025-10-17T07:50:34.040Z","level":"WARN","message":"Route not found: POST /error"}
{"timestamp":"2025-10-17T07:50:34.048Z","level":"WARN","message":"Route not found: POST /error"}
{"timestamp":"2025-10-17T07:50:34.051Z","level":"WARN","message":"Route not found: POST /error"}
{"timestamp":"2025-10-17T07:50:34.054Z","level":"WARN","message":"Route not found: POST /error"}
{"timestamp":"2025-10-17T07:50:34.058Z","level":"WARN","message":"Route not found: POST /error"}
{"timestamp":"2025-10-17T07:50:34.062Z","level":"WARN","message":"Route not found: POST /error"}
{"timestamp":"2025-10-17T07:50:34.065Z","level":"WARN","message":"Route not found: POST /error"}
{"timestamp":"2025-10-17T07:50:34.069Z","level":"WARN","message":"Route not found: POST /error"}
{"timestamp":"2025-10-17T07:50:34.073Z","level":"WARN","message":"Route not found: POST /error"}
{"timestamp":"2025-10-17T07:50:34.076Z","level":"WARN","message":"Route not found: POST /error"}
{"timestamp":"2025-10-17T07:50:34.080Z","level":"WARN","message":"Route not found: POST /error"}
{"timestamp":"2025-10-17T07:50:34.083Z","level":"WARN","message":"Route not found: POST /error"}
{"timestamp":"2025-10-17T07:50:34.087Z","level":"WARN","message":"Route not found: POST /error"}
{"timestamp":"2025-10-17T07:50:34.090Z","level":"WARN","message":"Route not found: POST /error"}
{"timestamp":"2025-10-17T07:50:34.093Z","level":"WARN","message":"Route not found: POST /error"}
{"timestamp":"2025-10-17T07:50:34.097Z","level":"WARN","message":"Route not found: POST /error"}
{"timestamp":"2025-10-17T07:50:34.100Z","level":"WARN","message":"Route not found: POST /error"}
{"timestamp":"2025-10-17T07:50:34.103Z","level":"WARN","message":"Route not found: POST /error"}
{"timestamp":"2025-10-17T07:50:34.107Z","level":"WARN","message":"Route not found: POST /error"}
{"timestamp":"2025-10-17T07:50:34.111Z","level":"WARN","message":"Route not found: POST /error"}
{"timestamp":"2025-10-17T07:50:34.114Z","level":"WARN","message":"Route not found: POST /error"}
{"timestamp":"2025-10-17T07:50:34.118Z","level":"WARN","message":"Route not found: POST /error"}
{"timestamp":"2025-10-17T07:50:34.121Z","level":"WARN","message":"Route not found: POST /error"}
{"timestamp":"2025-10-17T07:50:34.125Z","level":"WARN","message":"Route not found: POST /error"}
{"timestamp":"2025-10-17T07:50:34.129Z","level":"WARN","message":"Route not found: POST /error"}
{"timestamp":"2025-10-17T07:50:34.133Z","level":"WARN","message":"Route not found: POST /error"}
{"timestamp":"2025-10-17T07:50:34.137Z","level":"WARN","message":"Route not found: POST /error"}
{"timestamp":"2025-10-17T07:50:34.141Z","level":"WARN","message":"Route not found: POST /error"}
{"timestamp":"2025-10-17T07:50:34.145Z","level":"WARN","message":"Route not found: POST /error"}
{"timestamp":"2025-10-17T07:50:34.148Z","level":"WARN","message":"Route not found: POST /error"}
{"timestamp":"2025-10-17T07:50:34.153Z","level":"WARN","message":"Route not found: POST /error"}
{"timestamp":"2025-10-17T07:50:34.156Z","level":"WARN","message":"Route not found: POST /error"}
{"timestamp":"2025-10-17T07:50:34.160Z","level":"WARN","message":"Route not found: POST /error"}
{"timestamp":"2025-10-17T07:50:34.164Z","level":"WARN","message":"Route not found: POST /error"}
{"timestamp":"2025-10-17T07:50:34.167Z","level":"WARN","message":"Route not found: POST /error"}
{"timestamp":"2025-10-17T07:50:34.171Z","level":"WARN","message":"Route not found: POST /error"}
{"timestamp":"2025-10-17T07:50:34.174Z","level":"WARN","message":"Route not found: POST /error"}
{"timestamp":"2025-10-17T07:50:34.178Z","level":"WARN","message":"Route not found: POST /error"}
{"timestamp":"2025-10-17T07:50:34.181Z","level":"WARN","message":"Route not found: POST /error"}
{"timestamp":"2025-10-17T07:50:34.184Z","level":"WARN","message":"Route not found: POST /error"}
{"timestamp":"2025-10-17T07:50:34.188Z","level":"WARN","message":"Route not found: POST /error"}
{"timestamp":"2025-10-17T07:50:34.191Z","level":"WARN","message":"Route not found: POST /error"}
{"timestamp":"2025-10-17T07:50:34.195Z","level":"WARN","message":"Route not found: POST /error"}
{"timestamp":"2025-10-17T07:50:34.198Z","level":"WARN","message":"Route not found: POST /error"}
{"timestamp":"2025-10-17T07:50:34.202Z","level":"WARN","message":"Route not found: POST /error"}
{"timestamp":"2025-10-17T07:50:34.205Z","level":"WARN","message":"Route not found: POST /error"}
{"timestamp":"2025-10-17T07:50:34.209Z","level":"WARN","message":"Route not found: POST /error"}
{"timestamp":"2025-10-17T07:50:34.213Z","level":"WARN","message":"Route not found: POST /error"}
{"timestamp":"2025-10-17T07:50:34.216Z","level":"WARN","message":"Route not found: POST /error"}
{"timestamp":"2025-10-17T07:50:34.220Z","level":"WARN","message":"Route not found: POST /error"}
{"timestamp":"2025-10-17T07:50:34.224Z","level":"WARN","message":"Route not found: POST /error"}
{"timestamp":"2025-10-17T07:50:34.228Z","level":"WARN","message":"Route not found: POST /error"}
{"timestamp":"2025-10-17T07:50:34.231Z","level":"WARN","message":"Route not found: POST /error"}
{"timestamp":"2025-10-17T07:50:34.234Z","level":"WARN","message":"Route not found: POST /error"}
{"timestamp":"2025-10-17T07:50:34.238Z","level":"WARN","message":"Route not found: POST /error"}
{"timestamp":"2025-10-17T07:50:34.241Z","level":"WARN","message":"Route not found: POST /error"}
{"timestamp":"2025-10-17T07:50:34.245Z","level":"WARN","message":"Route not found: POST /error"}
{"timestamp":"2025-10-17T07:50:34.249Z","level":"WARN","message":"Route not found: POST /error"}
{"timestamp":"2025-10-17T07:50:34.252Z","level":"WARN","message":"Route not found: POST /error"}
{"timestamp":"2025-10-17T07:50:34.255Z","level":"WARN","message":"Route not found: POST /error"}
{"timestamp":"2025-10-17T07:50:34.259Z","level":"WARN","message":"Route not found: POST /error"}
{"timestamp":"2025-10-17T07:50:34.262Z","level":"WARN","message":"Route not found: POST /error"}
{"timestamp":"2025-10-17T07:50:34.266Z","level":"WARN","message":"Route not found: POST /error"}
{"timestamp":"2025-10-17T07:50:34.270Z","level":"WARN","message":"Route not found: POST /error"}
{"timestamp":"2025-10-17T07:50:34.273Z","level":"WARN","message":"Route not found: POST /error"}
{"timestamp":"2025-10-17T07:50:34.277Z","level":"WARN","message":"Route not found: POST /error"}
{"timestamp":"2025-10-17T07:50:34.319Z","level":"WARN","message":"Route not found: POST /error"}
{"timestamp":"2025-10-17T07:50:34.423Z","level":"WARN","message":"Route not found: POST /error"}
{"timestamp":"2025-10-17T07:50:34.434Z","level":"WARN","message":"Route not found: POST /error"}
{"timestamp":"2025-10-17T07:50:34.479Z","level":"WARN","message":"Route not found: POST /error"}
{"timestamp":"2025-10-17T07:50:34.484Z","level":"WARN","message":"Route not found: POST /error"}
{"timestamp":"2025-10-17T07:50:34.490Z","level":"WARN","message":"Route not found: POST /error"}
{"timestamp":"2025-10-17T07:50:34.498Z","level":"WARN","message":"Route not found: POST /error"}
{"timestamp":"2025-10-17T07:50:34.502Z","level":"WARN","message":"Route not found: POST /error"}
{"timestamp":"2025-10-17T07:50:34.506Z","level":"WARN","message":"Route not found: POST /error"}
{"timestamp":"2025-10-17T07:50:34.514Z","level":"WARN","message":"Route not found: POST /error"}
{"timestamp":"2025-10-17T07:50:34.517Z","level":"WARN","message":"Route not found: POST /error"}
{"timestamp":"2025-10-17T07:50:34.521Z","level":"WARN","message":"Route not found: POST /error"}
{"timestamp":"2025-10-17T07:50:34.525Z","level":"WARN","message":"Route not found: POST /error"}
{"timestamp":"2025-10-17T07:50:34.529Z","level":"WARN","message":"Route not found: POST /error"}
{"timestamp":"2025-10-17T07:50:34.533Z","level":"WARN","message":"Route not found: POST /error"}
{"timestamp":"2025-10-17T07:50:34.538Z","level":"WARN","message":"Route not found: POST /error"}
{"timestamp":"2025-10-17T07:50:34.542Z","level":"WARN","message":"Route not found: POST /error"}
{"timestamp":"2025-10-17T07:50:34.547Z","level":"WARN","message":"Route not found: POST /error"}
{"timestamp":"2025-10-17T07:50:34.550Z","level":"WARN","message":"Route not found: POST /error"}
{"timestamp":"2025-10-17T07:50:34.553Z","level":"WARN","message":"Route not found: POST /error"}
{"timestamp":"2025-10-17T07:50:34.557Z","level":"WARN","message":"Route not found: POST /error"}
{"timestamp":"2025-10-17T07:50:34.560Z","level":"WARN","message":"Route not found: POST /error"}
{"timestamp":"2025-10-17T07:50:34.564Z","level":"WARN","message":"Route not found: POST /error"}
{"timestamp":"2025-10-17T07:50:34.568Z","level":"WARN","message":"Route not found: POST /error"}
{"timestamp":"2025-10-17T07:50:34.571Z","level":"WARN","message":"Route not found: POST /error"}
{"timestamp":"2025-10-17T07:50:34.575Z","level":"WARN","message":"Route not found: POST /error"}
{"timestamp":"2025-10-17T07:50:34.579Z","level":"WARN","message":"Route not found: POST /error"}
{"timestamp":"2025-10-17T07:50:34.582Z","level":"WARN","message":"Route not found: POST /error"}
{"timestamp":"2025-10-17T07:50:34.586Z","level":"WARN","message":"Route not found: POST /error"}
{"timestamp":"2025-10-17T07:50:34.589Z","level":"WARN","message":"Route not found: POST /error"}
{"timestamp":"2025-10-17T07:50:34.593Z","level":"WARN","message":"Route not found: POST /error"}
{"timestamp":"2025-10-17T07:50:34.597Z","level":"WARN","message":"Route not found: POST /error"}
{"timestamp":"2025-10-17T07:50:34.600Z","level":"WARN","message":"Route not found: POST /error"}
{"timestamp":"2025-10-17T07:50:34.603Z","level":"WARN","message":"Route not found: POST /error"}
{"timestamp":"2025-10-17T07:50:34.607Z","level":"WARN","message":"Route not found: POST /error"}
{"timestamp":"2025-10-17T07:50:34.611Z","level":"WARN","message":"Route not found: POST /error"}
{"timestamp":"2025-10-17T07:50:34.617Z","level":"WARN","message":"Route not found: POST /error"}
{"timestamp":"2025-10-17T07:50:34.620Z","level":"WARN","message":"Route not found: POST /error"}
{"timestamp":"2025-10-17T07:50:34.623Z","level":"WARN","message":"Route not found: POST /error"}
{"timestamp":"2025-10-17T07:50:34.628Z","level":"WARN","message":"Route not found: POST /error"}
{"timestamp":"2025-10-17T07:50:34.632Z","level":"WARN","message":"Route not found: POST /error"}
{"timestamp":"2025-10-17T07:50:34.635Z","level":"WARN","message":"Route not found: POST /error"}
{"timestamp":"2025-10-17T07:50:34.639Z","level":"WARN","message":"Route not found: POST /error"}
{"timestamp":"2025-10-17T07:50:34.643Z","level":"WARN","message":"Route not found: POST /error"}
{"timestamp":"2025-10-17T07:50:34.646Z","level":"WARN","message":"Route not found: POST /error"}
{"timestamp":"2025-10-17T07:50:34.651Z","level":"WARN","message":"Route not found: POST /error"}
{"timestamp":"2025-10-17T07:50:34.654Z","level":"WARN","message":"Route not found: POST /error"}
{"timestamp":"2025-10-17T07:50:34.658Z","level":"WARN","message":"Route not found: POST /error"}
{"timestamp":"2025-10-17T07:50:34.661Z","level":"WARN","message":"Route not found: POST /error"}
{"timestamp":"2025-10-17T07:50:34.665Z","level":"WARN","message":"Route not found: POST /error"}
{"timestamp":"2025-10-17T07:50:34.669Z","level":"WARN","message":"Route not found: POST /error"}
{"timestamp":"2025-10-17T07:50:34.673Z","level":"WARN","message":"Route not found: POST /error"}
{"timestamp":"2025-10-17T07:50:34.677Z","level":"WARN","message":"Route not found: POST /error"}
{"timestamp":"2025-10-17T07:50:34.680Z","level":"WARN","message":"Route not found: POST /error"}
{"timestamp":"2025-10-17T07:50:34.685Z","level":"WARN","message":"Route not found: POST /error"}
{"timestamp":"2025-10-17T07:50:34.688Z","level":"WARN","message":"Route not found: POST /error"}
{"timestamp":"2025-10-17T07:50:34.692Z","level":"WARN","message":"Route not found: POST /error"}
{"timestamp":"2025-10-17T07:50:34.697Z","level":"WARN","message":"Route not found: POST /error"}
{"timestamp":"2025-10-17T07:50:34.700Z","level":"WARN","message":"Route not found: POST /error"}
{"timestamp":"2025-10-17T07:50:34.704Z","level":"WARN","message":"Route not found: POST /error"}
{"timestamp":"2025-10-17T07:50:34.708Z","level":"WARN","message":"Route not found: POST /error"}
{"timestamp":"2025-10-17T07:50:34.711Z","level":"WARN","message":"Route not found: POST /error"}
{"timestamp":"2025-10-17T07:50:34.715Z","level":"WARN","message":"Route not found: POST /error"}
{"timestamp":"2025-10-17T07:50:34.718Z","level":"WARN","message":"Route not found: POST /error"}
{"timestamp":"2025-10-17T07:50:34.722Z","level":"WARN","message":"Route not found: POST /error"}
{"timestamp":"2025-10-17T07:50:34.725Z","level":"WARN","message":"Route not found: POST /error"}
{"timestamp":"2025-10-17T07:50:34.729Z","level":"WARN","message":"Route not found: POST /error"}
{"timestamp":"2025-10-17T07:50:34.733Z","level":"WARN","message":"Route not found: POST /error"}
{"timestamp":"2025-10-17T07:50:34.736Z","level":"WARN","message":"Route not found: POST /error"}
{"timestamp":"2025-10-17T07:50:34.739Z","level":"WARN","message":"Route not found: POST /error"}
{"timestamp":"2025-10-17T07:50:34.743Z","level":"WARN","message":"Route not found: POST /error"}
{"timestamp":"2025-10-17T07:50:34.747Z","level":"WARN","message":"Route not found: POST /error"}
{"timestamp":"2025-10-17T07:50:34.751Z","level":"WARN","message":"Route not found: POST /error"}
{"timestamp":"2025-10-17T07:50:34.754Z","level":"WARN","message":"Route not found: POST /error"}
{"timestamp":"2025-10-17T07:50:34.759Z","level":"WARN","message":"Route not found: POST /error"}
{"timestamp":"2025-10-17T07:50:34.763Z","level":"WARN","message":"Route not found: POST /error"}
{"timestamp":"2025-10-17T07:50:34.767Z","level":"WARN","message":"Route not found: POST /error"}
{"timestamp":"2025-10-17T07:50:34.771Z","level":"WARN","message":"Route not found: POST /error"}
{"timestamp":"2025-10-17T07:50:34.774Z","level":"WARN","message":"Route not found: POST /error"}
{"timestamp":"2025-10-17T07:50:34.779Z","level":"WARN","message":"Route not found: POST /error"}
{"timestamp":"2025-10-17T07:50:34.783Z","level":"WARN","message":"Route not found: POST /error"}
{"timestamp":"2025-10-17T07:50:34.787Z","level":"WARN","message":"Route not found: POST /error"}
{"timestamp":"2025-10-17T07:50:34.791Z","level":"WARN","message":"Route not found: POST /error"}
{"timestamp":"2025-10-17T07:50:34.794Z","level":"WARN","message":"Route not found: POST /error"}
{"timestamp":"2025-10-17T07:50:34.799Z","level":"WARN","message":"Route not found: POST /error"}
{"timestamp":"2025-10-17T07:50:34.803Z","level":"WARN","message":"Route not found: POST /error"}
{"timestamp":"2025-10-17T07:50:34.807Z","level":"WARN","message":"Route not found: POST /error"}
{"timestamp":"2025-10-17T07:50:34.813Z","level":"WARN","message":"Route not found: POST /error"}
{"timestamp":"2025-10-17T07:50:34.817Z","level":"WARN","message":"Route not found: POST /error"}
{"timestamp":"2025-10-17T07:50:34.821Z","level":"WARN","message":"Route not found: POST /error"}
{"timestamp":"2025-10-17T07:50:34.825Z","level":"WARN","message":"Route not found: POST /error"}
{"timestamp":"2025-10-17T07:50:34.832Z","level":"WARN","message":"Route not found: POST /error"}
{"timestamp":"2025-10-17T07:50:34.837Z","level":"WARN","message":"Route not found: POST /error"}
{"timestamp":"2025-10-17T07:50:34.841Z","level":"WARN","message":"Route not found: POST /error"}
{"timestamp":"2025-10-17T07:50:34.847Z","level":"WARN","message":"Route not found: POST /error"}
{"timestamp":"2025-10-17T07:50:34.850Z","level":"WARN","message":"Route not found: POST /error"}
{"timestamp":"2025-10-17T07:50:34.854Z","level":"WARN","message":"Route not found: POST /error"}
{"timestamp":"2025-10-17T07:50:34.858Z","level":"WARN","message":"Route not found: POST /error"}
{"timestamp":"2025-10-17T07:50:34.862Z","level":"WARN","message":"Route not found: POST /error"}
{"timestamp":"2025-10-17T07:50:34.865Z","level":"WARN","message":"Route not found: POST /error"}
{"timestamp":"2025-10-17T07:50:34.869Z","level":"WARN","message":"Route not found: POST /error"}
{"timestamp":"2025-10-17T07:50:34.873Z","level":"WARN","message":"Route not found: POST /error"}
{"timestamp":"2025-10-17T07:50:34.878Z","level":"WARN","message":"Route not found: POST /error"}
{"timestamp":"2025-10-17T07:50:34.881Z","level":"WARN","message":"Route not found: POST /error"}
{"timestamp":"2025-10-17T07:50:34.885Z","level":"WARN","message":"Route not found: POST /error"}
{"timestamp":"2025-10-17T07:50:34.889Z","level":"WARN","message":"Route not found: POST /error"}
{"timestamp":"2025-10-17T07:50:34.893Z","level":"WARN","message":"Route not found: POST /error"}
{"timestamp":"2025-10-17T07:50:34.899Z","level":"WARN","message":"Route not found: POST /error"}
{"timestamp":"2025-10-17T07:50:34.902Z","level":"WARN","message":"Route not found: POST /error"}
{"timestamp":"2025-10-17T07:50:34.906Z","level":"WARN","message":"Route not found: POST /error"}
{"timestamp":"2025-10-17T07:50:34.912Z","level":"WARN","message":"Route not found: POST /error"}
{"timestamp":"2025-10-17T07:50:34.916Z","level":"WARN","message":"Route not found: POST /error"}
{"timestamp":"2025-10-17T07:50:34.919Z","level":"WARN","message":"Route not found: POST /error"}
{"timestamp":"2025-10-17T07:50:34.923Z","level":"WARN","message":"Route not found: POST /error"}
{"timestamp":"2025-10-17T07:50:34.930Z","level":"WARN","message":"Route not found: POST /error"}
{"timestamp":"2025-10-17T07:50:34.936Z","level":"WARN","message":"Route not found: POST /error"}
{"timestamp":"2025-10-17T07:50:34.940Z","level":"WARN","message":"Route not found: POST /error"}
{"timestamp":"2025-10-17T07:50:34.945Z","level":"WARN","message":"Route not found: POST /error"}
{"timestamp":"2025-10-17T07:50:34.949Z","level":"WARN","message":"Route not found: POST /error"}
{"timestamp":"2025-10-17T07:50:34.953Z","level":"WARN","message":"Route not found: POST /error"}
{"timestamp":"2025-10-17T07:50:34.958Z","level":"WARN","message":"Route not found: POST /error"}
{"timestamp":"2025-10-17T07:50:34.963Z","level":"WARN","message":"Route not found: POST /error"}
{"timestamp":"2025-10-17T07:50:34.968Z","level":"WARN","message":"Route not found: POST /error"}
{"timestamp":"2025-10-17T07:50:34.973Z","level":"WARN","message":"Route not found: POST /error"}
{"timestamp":"2025-10-17T07:50:34.977Z","level":"WARN","message":"Route not found: POST /error"}
{"timestamp":"2025-10-17T07:50:34.982Z","level":"WARN","message":"Route not found: POST /error"}
{"timestamp":"2025-10-17T07:50:34.985Z","level":"WARN","message":"Route not found: POST /error"}
{"timestamp":"2025-10-17T07:50:34.988Z","level":"WARN","message":"Route not found: POST /error"}
{"timestamp":"2025-10-17T07:50:34.992Z","level":"WARN","message":"Route not found: POST /error"}
{"timestamp":"2025-10-17T07:50:34.996Z","level":"WARN","message":"Route not found: POST /error"}
{"timestamp":"2025-10-17T07:50:35.000Z","level":"WARN","message":"Route not found: POST /error"}
{"timestamp":"2025-10-17T07:50:35.005Z","level":"WARN","message":"Route not found: POST /error"}
{"timestamp":"2025-10-17T07:50:35.010Z","level":"WARN","message":"Route not found: POST /error"}
{"timestamp":"2025-10-17T07:50:35.014Z","level":"WARN","message":"Route not found: POST /error"}
{"timestamp":"2025-10-17T07:50:35.017Z","level":"WARN","message":"Route not found: POST /error"}
{"timestamp":"2025-10-17T07:50:35.021Z","level":"WARN","message":"Route not found: POST /error"}
{"timestamp":"2025-10-17T07:50:35.025Z","level":"WARN","message":"Route not found: POST /error"}
{"timestamp":"2025-10-17T07:50:35.030Z","level":"WARN","message":"Route not found: POST /error"}
{"timestamp":"2025-10-17T07:50:35.033Z","level":"WARN","message":"Route not found: POST /error"}
{"timestamp":"2025-10-17T07:50:35.037Z","level":"WARN","message":"Route not found: POST /error"}
{"timestamp":"2025-10-17T07:50:35.040Z","level":"WARN","message":"Route not found: POST /error"}
{"timestamp":"2025-10-17T07:50:35.046Z","level":"WARN","message":"Route not found: POST /error"}
{"timestamp":"2025-10-17T07:50:35.049Z","level":"WARN","message":"Route not found: POST /error"}
{"timestamp":"2025-10-17T07:50:35.053Z","level":"WARN","message":"Route not found: POST /error"}
{"timestamp":"2025-10-17T07:50:35.056Z","level":"WARN","message":"Route not found: POST /error"}
{"timestamp":"2025-10-17T07:50:35.062Z","level":"WARN","message":"Route not found: POST /error"}
{"timestamp":"2025-10-17T07:50:35.065Z","level":"WARN","message":"Route not found: POST /error"}
{"timestamp":"2025-10-17T07:50:35.070Z","level":"WARN","message":"Route not found: POST /error"}
{"timestamp":"2025-10-17T07:50:35.073Z","level":"WARN","message":"Route not found: POST /error"}
{"timestamp":"2025-10-17T07:50:35.078Z","level":"WARN","message":"Route not found: POST /error"}
{"timestamp":"2025-10-17T07:50:35.082Z","level":"WARN","message":"Route not found: POST /error"}
{"timestamp":"2025-10-17T07:50:35.085Z","level":"WARN","message":"Route not found: POST /error"}
{"timestamp":"2025-10-17T07:50:35.089Z","level":"WARN","message":"Route not found: POST /error"}
{"timestamp":"2025-10-17T07:50:35.093Z","level":"WARN","message":"Route not found: POST /error"}
{"timestamp":"2025-10-17T07:50:35.097Z","level":"WARN","message":"Route not found: POST /error"}
{"timestamp":"2025-10-17T07:50:35.100Z","level":"WARN","message":"Route not found: POST /error"}
{"timestamp":"2025-10-17T07:50:35.104Z","level":"WARN","message":"Route not found: POST /error"}
{"timestamp":"2025-10-17T07:50:35.107Z","level":"WARN","message":"Route not found: POST /error"}
{"timestamp":"2025-10-17T07:50:35.111Z","level":"WARN","message":"Route not found: POST /error"}
{"timestamp":"2025-10-17T07:50:35.115Z","level":"WARN","message":"Route not found: POST /error"}
{"timestamp":"2025-10-17T07:50:35.118Z","level":"WARN","message":"Route not found: POST /error"}
{"timestamp":"2025-10-17T07:50:35.123Z","level":"WARN","message":"Route not found: POST /error"}
{"timestamp":"2025-10-17T07:50:35.127Z","level":"WARN","message":"Route not found: POST /error"}
{"timestamp":"2025-10-17T07:50:35.130Z","level":"WARN","message":"Route not found: POST /error"}
{"timestamp":"2025-10-17T07:50:35.134Z","level":"WARN","message":"Route not found: POST /error"}
{"timestamp":"2025-10-17T07:50:35.137Z","level":"WARN","message":"Route not found: POST /error"}
{"timestamp":"2025-10-17T07:50:35.141Z","level":"WARN","message":"Route not found: POST /error"}
{"timestamp":"2025-10-17T07:50:35.146Z","level":"WARN","message":"Route not found: POST /error"}
{"timestamp":"2025-10-17T07:50:35.149Z","level":"WARN","message":"Route not found: POST /error"}
{"timestamp":"2025-10-17T07:50:35.154Z","level":"WARN","message":"Route not found: POST /error"}
{"timestamp":"2025-10-17T07:50:35.157Z","level":"WARN","message":"Route not found: POST /error"}
{"timestamp":"2025-10-17T07:50:35.164Z","level":"WARN","message":"Route not found: POST /error"}
{"timestamp":"2025-10-17T07:50:35.168Z","level":"WARN","message":"Route not found: POST /error"}
{"timestamp":"2025-10-17T07:50:35.173Z","level":"WARN","message":"Route not found: POST /error"}
{"timestamp":"2025-10-17T07:50:35.178Z","level":"WARN","message":"Route not found: POST /error"}
{"timestamp":"2025-10-17T07:50:35.181Z","level":"WARN","message":"Route not found: POST /error"}
{"timestamp":"2025-10-17T07:50:35.186Z","level":"WARN","message":"Route not found: POST /error"}
{"timestamp":"2025-10-17T07:50:35.190Z","level":"WARN","message":"Route not found: POST /error"}
{"timestamp":"2025-10-17T07:50:35.193Z","level":"WARN","message":"Route not found: POST /error"}
{"timestamp":"2025-10-17T07:50:35.196Z","level":"WARN","message":"Route not found: POST /error"}
{"timestamp":"2025-10-17T07:50:35.200Z","level":"WARN","message":"Route not found: POST /error"}
{"timestamp":"2025-10-17T07:50:35.203Z","level":"WARN","message":"Route not found: POST /error"}
{"timestamp":"2025-10-17T07:50:35.207Z","level":"WARN","message":"Route not found: POST /error"}
{"timestamp":"2025-10-17T07:50:35.210Z","level":"WARN","message":"Route not found: POST /error"}
{"timestamp":"2025-10-17T07:50:35.213Z","level":"WARN","message":"Route not found: POST /error"}
{"timestamp":"2025-10-17T07:50:35.217Z","level":"WARN","message":"Route not found: POST /error"}
{"timestamp":"2025-10-17T07:50:35.220Z","level":"WARN","message":"Route not found: POST /error"}
{"timestamp":"2025-10-17T07:50:35.224Z","level":"WARN","message":"Route not found: POST /error"}
{"timestamp":"2025-10-17T07:50:35.227Z","level":"WARN","message":"Route not found: POST /error"}
{"timestamp":"2025-10-17T07:50:35.231Z","level":"WARN","message":"Route not found: POST /error"}
{"timestamp":"2025-10-17T07:50:35.234Z","level":"WARN","message":"Route not found: POST /error"}
{"timestamp":"2025-10-17T07:50:35.237Z","level":"WARN","message":"Route not found: POST /error"}
{"timestamp":"2025-10-17T07:50:35.242Z","level":"WARN","message":"Route not found: POST /error"}
{"timestamp":"2025-10-17T07:50:35.245Z","level":"WARN","message":"Route not found: POST /error"}
{"timestamp":"2025-10-17T07:50:35.249Z","level":"WARN","message":"Route not found: POST /error"}
{"timestamp":"2025-10-17T07:50:35.252Z","level":"WARN","message":"Route not found: POST /error"}
{"timestamp":"2025-10-17T07:50:35.255Z","level":"WARN","message":"Route not found: POST /error"}
{"timestamp":"2025-10-17T07:50:35.259Z","level":"WARN","message":"Route not found: POST /error"}
{"timestamp":"2025-10-17T07:50:35.263Z","level":"WARN","message":"Route not found: POST /error"}
{"timestamp":"2025-10-17T07:50:35.266Z","level":"WARN","message":"Route not found: POST /error"}
{"timestamp":"2025-10-17T07:50:35.269Z","level":"WARN","message":"Route not found: POST /error"}
{"timestamp":"2025-10-17T07:50:35.272Z","level":"WARN","message":"Route not found: POST /error"}
{"timestamp":"2025-10-17T07:50:35.276Z","level":"WARN","message":"Route not found: POST /error"}
{"timestamp":"2025-10-17T07:50:35.279Z","level":"WARN","message":"Route not found: POST /error"}
{"timestamp":"2025-10-17T07:50:35.282Z","level":"WARN","message":"Route not found: POST /error"}
{"timestamp":"2025-10-17T07:50:35.286Z","level":"WARN","message":"Route not found: POST /error"}
{"timestamp":"2025-10-17T07:50:35.290Z","level":"WARN","message":"Route not found: POST /error"}
{"timestamp":"2025-10-17T07:50:35.294Z","level":"WARN","message":"Route not found: POST /error"}
{"timestamp":"2025-10-17T07:50:35.297Z","level":"WARN","message":"Route not found: POST /error"}
{"timestamp":"2025-10-17T07:50:35.301Z","level":"WARN","message":"Route not found: POST /error"}
{"timestamp":"2025-10-17T07:50:35.305Z","level":"WARN","message":"Route not found: POST /error"}
{"timestamp":"2025-10-17T07:50:35.308Z","level":"WARN","message":"Route not found: POST /error"}
{"timestamp":"2025-10-17T07:50:35.312Z","level":"WARN","message":"Route not found: POST /error"}
{"timestamp":"2025-10-17T07:50:35.316Z","level":"WARN","message":"Route not found: POST /error"}
{"timestamp":"2025-10-17T07:50:35.319Z","level":"WARN","message":"Route not found: POST /error"}
{"timestamp":"2025-10-17T07:50:35.323Z","level":"WARN","message":"Route not found: POST /error"}
{"timestamp":"2025-10-17T07:50:35.327Z","level":"WARN","message":"Route not found: POST /error"}
{"timestamp":"2025-10-17T07:50:35.331Z","level":"WARN","message":"Route not found: POST /error"}
{"timestamp":"2025-10-17T07:50:35.334Z","level":"WARN","message":"Route not found: POST /error"}
{"timestamp":"2025-10-17T07:50:35.338Z","level":"WARN","message":"Route not found: POST /error"}
{"timestamp":"2025-10-17T07:50:35.342Z","level":"WARN","message":"Route not found: POST /error"}
{"timestamp":"2025-10-17T07:50:35.346Z","level":"WARN","message":"Route not found: POST /error"}
{"timestamp":"2025-10-17T07:50:35.349Z","level":"WARN","message":"Route not found: POST /error"}
{"timestamp":"2025-10-17T07:50:35.353Z","level":"WARN","message":"Route not found: POST /error"}
{"timestamp":"2025-10-17T07:50:35.357Z","level":"WARN","message":"Route not found: POST /error"}
{"timestamp":"2025-10-17T07:50:35.361Z","level":"WARN","message":"Route not found: POST /error"}
{"timestamp":"2025-10-17T07:50:35.364Z","level":"WARN","message":"Route not found: POST /error"}
{"timestamp":"2025-10-17T07:50:35.368Z","level":"WARN","message":"Route not found: POST /error"}
{"timestamp":"2025-10-17T07:50:35.371Z","level":"WARN","message":"Route not found: POST /error"}
{"timestamp":"2025-10-17T07:50:35.374Z","level":"WARN","message":"Route not found: POST /error"}
{"timestamp":"2025-10-17T07:50:35.379Z","level":"WARN","message":"Route not found: POST /error"}
{"timestamp":"2025-10-17T07:50:35.382Z","level":"WARN","message":"Route not found: POST /error"}
{"timestamp":"2025-10-17T07:50:35.385Z","level":"WARN","message":"Route not found: POST /error"}
{"timestamp":"2025-10-17T07:50:35.389Z","level":"WARN","message":"Route not found: POST /error"}
{"timestamp":"2025-10-17T07:50:35.393Z","level":"WARN","message":"Route not found: POST /error"}
{"timestamp":"2025-10-17T07:50:35.397Z","level":"WARN","message":"Route not found: POST /error"}
{"timestamp":"2025-10-17T07:50:35.400Z","level":"WARN","message":"Route not found: POST /error"}
{"timestamp":"2025-10-17T07:50:35.404Z","level":"WARN","message":"Route not found: POST /error"}
{"timestamp":"2025-10-17T07:50:35.408Z","level":"WARN","message":"Route not found: POST /error"}
{"timestamp":"2025-10-17T07:50:35.411Z","level":"WARN","message":"Route not found: POST /error"}
{"timestamp":"2025-10-17T07:50:35.415Z","level":"WARN","message":"Route not found: POST /error"}
{"timestamp":"2025-10-17T07:50:35.418Z","level":"WARN","message":"Route not found: POST /error"}
{"timestamp":"2025-10-17T07:50:35.422Z","level":"WARN","message":"Route not found: POST /error"}
{"timestamp":"2025-10-17T07:50:35.426Z","level":"WARN","message":"Route not found: POST /error"}
{"timestamp":"2025-10-17T07:50:35.430Z","level":"WARN","message":"Route not found: POST /error"}
{"timestamp":"2025-10-17T07:50:35.433Z","level":"WARN","message":"Route not found: POST /error"}
{"timestamp":"2025-10-17T07:50:35.437Z","level":"WARN","message":"Route not found: POST /error"}
{"timestamp":"2025-10-17T07:50:35.440Z","level":"WARN","message":"Route not found: POST /error"}
{"timestamp":"2025-10-17T07:50:35.446Z","level":"WARN","message":"Route not found: POST /error"}
{"timestamp":"2025-10-17T07:50:35.449Z","level":"WARN","message":"Route not found: POST /error"}
{"timestamp":"2025-10-17T07:50:35.452Z","level":"WARN","message":"Route not found: POST /error"}
{"timestamp":"2025-10-17T07:50:35.455Z","level":"WARN","message":"Route not found: POST /error"}
{"timestamp":"2025-10-17T07:50:35.460Z","level":"WARN","message":"Route not found: POST /error"}
{"timestamp":"2025-10-17T07:50:35.463Z","level":"WARN","message":"Route not found: POST /error"}
{"timestamp":"2025-10-17T07:50:35.467Z","level":"WARN","message":"Route not found: POST /error"}
{"timestamp":"2025-10-17T07:50:35.471Z","level":"WARN","message":"Route not found: POST /error"}
{"timestamp":"2025-10-17T07:50:35.474Z","level":"WARN","message":"Route not found: POST /error"}
{"timestamp":"2025-10-17T07:50:35.478Z","level":"WARN","message":"Route not found: POST /error"}
{"timestamp":"2025-10-17T07:50:35.481Z","level":"WARN","message":"Route not found: POST /error"}
{"timestamp":"2025-10-17T07:50:35.485Z","level":"WARN","message":"Route not found: POST /error"}
{"timestamp":"2025-10-17T07:50:35.488Z","level":"WARN","message":"Route not found: POST /error"}
{"timestamp":"2025-10-17T07:50:35.492Z","level":"WARN","message":"Route not found: POST /error"}
{"timestamp":"2025-10-17T07:50:35.496Z","level":"WARN","message":"Route not found: POST /error"}
{"timestamp":"2025-10-17T07:50:35.499Z","level":"WARN","message":"Route not found: POST /error"}
{"timestamp":"2025-10-17T07:50:35.503Z","level":"WARN","message":"Route not found: POST /error"}
{"timestamp":"2025-10-17T07:50:35.506Z","level":"WARN","message":"Route not found: POST /error"}
{"timestamp":"2025-10-17T07:50:35.512Z","level":"WARN","message":"Route not found: POST /error"}
{"timestamp":"2025-10-17T07:50:35.515Z","level":"WARN","message":"Route not found: POST /error"}
{"timestamp":"2025-10-17T07:50:35.518Z","level":"WARN","message":"Route not found: POST /error"}
{"timestamp":"2025-10-17T07:50:35.522Z","level":"WARN","message":"Route not found: POST /error"}
{"timestamp":"2025-10-17T07:50:35.527Z","level":"WARN","message":"Route not found: POST /error"}
{"timestamp":"2025-10-17T07:50:35.530Z","level":"WARN","message":"Route not found: POST /error"}
{"timestamp":"2025-10-17T07:50:35.534Z","level":"WARN","message":"Route not found: POST /error"}
{"timestamp":"2025-10-17T07:50:35.537Z","level":"WARN","message":"Route not found: POST /error"}
{"timestamp":"2025-10-17T07:50:35.542Z","level":"WARN","message":"Route not found: POST /error"}
{"timestamp":"2025-10-17T07:50:35.546Z","level":"WARN","message":"Route not found: POST /error"}
{"timestamp":"2025-10-17T07:50:35.549Z","level":"WARN","message":"Route not found: POST /error"}
{"timestamp":"2025-10-17T07:50:35.553Z","level":"WARN","message":"Route not found: POST /error"}
{"timestamp":"2025-10-17T07:50:35.556Z","level":"WARN","message":"Route not found: POST /error"}
{"timestamp":"2025-10-17T07:50:35.560Z","level":"WARN","message":"Route not found: POST /error"}
{"timestamp":"2025-10-17T07:50:35.564Z","level":"WARN","message":"Route not found: POST /error"}
{"timestamp":"2025-10-17T07:50:35.567Z","level":"WARN","message":"Route not found: POST /error"}
{"timestamp":"2025-10-17T07:50:35.571Z","level":"WARN","message":"Route not found: POST /error"}
{"timestamp":"2025-10-17T07:50:35.574Z","level":"WARN","message":"Route not found: POST /error"}
{"timestamp":"2025-10-17T07:50:35.578Z","level":"WARN","message":"Route not found: POST /error"}
{"timestamp":"2025-10-17T07:50:35.581Z","level":"WARN","message":"Route not found: POST /error"}
{"timestamp":"2025-10-17T07:50:35.584Z","level":"WARN","message":"Route not found: POST /error"}
{"timestamp":"2025-10-17T07:50:35.588Z","level":"WARN","message":"Route not found: POST /error"}
{"timestamp":"2025-10-17T07:50:35.592Z","level":"WARN","message":"Route not found: POST /error"}
{"timestamp":"2025-10-17T07:50:35.596Z","level":"WARN","message":"Route not found: POST /error"}
{"timestamp":"2025-10-17T07:50:35.599Z","level":"WARN","message":"Route not found: POST /error"}
{"timestamp":"2025-10-17T07:50:35.602Z","level":"WARN","message":"Route not found: POST /error"}
{"timestamp":"2025-10-17T07:50:35.606Z","level":"WARN","message":"Route not found: POST /error"}
{"timestamp":"2025-10-17T07:50:35.609Z","level":"WARN","message":"Route not found: POST /error"}
{"timestamp":"2025-10-17T07:50:35.613Z","level":"WARN","message":"Route not found: POST /error"}
{"timestamp":"2025-10-17T07:50:35.616Z","level":"WARN","message":"Route not found: POST /error"}
{"timestamp":"2025-10-17T07:50:35.619Z","level":"WARN","message":"Route not found: POST /error"}
{"timestamp":"2025-10-17T07:50:35.623Z","level":"WARN","message":"Route not found: POST /error"}
{"timestamp":"2025-10-17T07:50:35.627Z","level":"WARN","message":"Route not found: POST /error"}
{"timestamp":"2025-10-17T07:50:35.630Z","level":"WARN","message":"Route not found: POST /error"}
{"timestamp":"2025-10-17T07:50:35.634Z","level":"WARN","message":"Route not found: POST /error"}
{"timestamp":"2025-10-17T07:50:35.637Z","level":"WARN","message":"Route not found: POST /error"}
{"timestamp":"2025-10-17T07:50:35.640Z","level":"WARN","message":"Route not found: POST /error"}
{"timestamp":"2025-10-17T07:50:35.645Z","level":"WARN","message":"Route not found: POST /error"}
{"timestamp":"2025-10-17T07:50:35.648Z","level":"WARN","message":"Route not found: POST /error"}
{"timestamp":"2025-10-17T07:50:35.651Z","level":"WARN","message":"Route not found: POST /error"}
{"timestamp":"2025-10-17T07:50:35.655Z","level":"WARN","message":"Route not found: POST /error"}
{"timestamp":"2025-10-17T07:50:35.659Z","level":"WARN","message":"Route not found: POST /error"}
{"timestamp":"2025-10-17T07:50:35.662Z","level":"WARN","message":"Route not found: POST /error"}
{"timestamp":"2025-10-17T07:50:35.665Z","level":"WARN","message":"Route not found: POST /error"}
{"timestamp":"2025-10-17T07:50:35.669Z","level":"WARN","message":"Route not found: POST /error"}
{"timestamp":"2025-10-17T07:50:35.672Z","level":"WARN","message":"Route not found: POST /error"}
{"timestamp":"2025-10-17T07:50:35.676Z","level":"WARN","message":"Route not found: POST /error"}
{"timestamp":"2025-10-17T07:50:35.679Z","level":"WARN","message":"Route not found: POST /error"}
{"timestamp":"2025-10-17T07:50:35.683Z","level":"WARN","message":"Route not found: POST /error"}
{"timestamp":"2025-10-17T07:50:35.686Z","level":"WARN","message":"Route not found: POST /error"}
{"timestamp":"2025-10-17T07:50:35.690Z","level":"WARN","message":"Route not found: POST /error"}
{"timestamp":"2025-10-17T07:50:35.695Z","level":"WARN","message":"Route not found: POST /error"}
{"timestamp":"2025-10-17T07:50:35.698Z","level":"WARN","message":"Route not found: POST /error"}
{"timestamp":"2025-10-17T07:50:35.701Z","level":"WARN","message":"Route not found: POST /error"}
{"timestamp":"2025-10-17T07:50:35.705Z","level":"WARN","message":"Route not found: POST /error"}
{"timestamp":"2025-10-17T07:50:35.710Z","level":"WARN","message":"Route not found: POST /error"}
{"timestamp":"2025-10-17T07:50:35.713Z","level":"WARN","message":"Route not found: POST /error"}
{"timestamp":"2025-10-17T07:50:35.717Z","level":"WARN","message":"Route not found: POST /error"}
{"timestamp":"2025-10-17T07:50:35.720Z","level":"WARN","message":"Route not found: POST /error"}
{"timestamp":"2025-10-17T07:50:35.723Z","level":"WARN","message":"Route not found: POST /error"}
{"timestamp":"2025-10-17T07:50:35.728Z","level":"WARN","message":"Route not found: POST /error"}
{"timestamp":"2025-10-17T07:50:35.731Z","level":"WARN","message":"Route not found: POST /error"}
{"timestamp":"2025-10-17T07:50:35.735Z","level":"WARN","message":"Route not found: POST /error"}
{"timestamp":"2025-10-17T07:50:35.739Z","level":"WARN","message":"Route not found: POST /error"}
{"timestamp":"2025-10-17T07:50:35.742Z","level":"WARN","message":"Route not found: POST /error"}
{"timestamp":"2025-10-17T07:50:35.746Z","level":"WARN","message":"Route not found: POST /error"}
{"timestamp":"2025-10-17T07:50:35.749Z","level":"WARN","message":"Route not found: POST /error"}
{"timestamp":"2025-10-17T07:50:35.753Z","level":"WARN","message":"Route not found: POST /error"}
{"timestamp":"2025-10-17T07:50:35.757Z","level":"WARN","message":"Route not found: POST /error"}
{"timestamp":"2025-10-17T07:50:35.761Z","level":"WARN","message":"Route not found: POST /error"}
{"timestamp":"2025-10-17T07:50:35.764Z","level":"WARN","message":"Route not found: POST /error"}
{"timestamp":"2025-10-17T07:50:35.769Z","level":"WARN","message":"Route not found: POST /error"}
{"timestamp":"2025-10-17T07:50:35.772Z","level":"WARN","message":"Route not found: POST /error"}
{"timestamp":"2025-10-17T07:50:35.777Z","level":"WARN","message":"Route not found: POST /error"}
{"timestamp":"2025-10-17T07:50:35.780Z","level":"WARN","message":"Route not found: POST /error"}
{"timestamp":"2025-10-17T07:50:35.784Z","level":"WARN","message":"Route not found: POST /error"}
{"timestamp":"2025-10-17T07:50:35.788Z","level":"WARN","message":"Route not found: POST /error"}
{"timestamp":"2025-10-17T07:50:35.793Z","level":"WARN","message":"Route not found: POST /error"}
{"timestamp":"2025-10-17T07:50:35.797Z","level":"WARN","message":"Route not found: POST /error"}
{"timestamp":"2025-10-17T07:50:35.801Z","level":"WARN","message":"Route not found: POST /error"}
{"timestamp":"2025-10-17T07:50:35.807Z","level":"WARN","message":"Route not found: POST /error"}
{"timestamp":"2025-10-17T07:50:35.813Z","level":"WARN","message":"Route not found: POST /error"}
{"timestamp":"2025-10-17T07:50:35.816Z","level":"WARN","message":"Route not found: POST /error"}
{"timestamp":"2025-10-17T07:50:35.820Z","level":"WARN","message":"Route not found: POST /error"}
{"timestamp":"2025-10-17T07:50:35.823Z","level":"WARN","message":"Route not found: POST /error"}
{"timestamp":"2025-10-17T07:50:35.827Z","level":"WARN","message":"Route not found: POST /error"}
{"timestamp":"2025-10-17T07:50:35.831Z","level":"WARN","message":"Route not found: POST /error"}
{"timestamp":"2025-10-17T07:50:35.834Z","level":"WARN","message":"Route not found: POST /error"}
{"timestamp":"2025-10-17T07:50:35.837Z","level":"WARN","message":"Route not found: POST /error"}
{"timestamp":"2025-10-17T07:50:35.841Z","level":"WARN","message":"Route not found: POST /error"}
{"timestamp":"2025-10-17T07:50:35.844Z","level":"WARN","message":"Route not found: POST /error"}
{"timestamp":"2025-10-17T07:50:35.848Z","level":"WARN","message":"Route not found: POST /error"}
{"timestamp":"2025-10-17T07:50:35.851Z","level":"WARN","message":"Route not found: POST /error"}
{"timestamp":"2025-10-17T07:50:35.855Z","level":"WARN","message":"Route not found: POST /error"}
{"timestamp":"2025-10-17T07:50:35.858Z","level":"WARN","message":"Route not found: POST /error"}
{"timestamp":"2025-10-17T07:50:35.862Z","level":"WARN","message":"Route not found: POST /error"}
{"timestamp":"2025-10-17T07:50:35.865Z","level":"WARN","message":"Route not found: POST /error"}
{"timestamp":"2025-10-17T07:50:35.869Z","level":"WARN","message":"Route not found: POST /error"}
{"timestamp":"2025-10-17T07:50:35.872Z","level":"WARN","message":"Route not found: POST /error"}
{"timestamp":"2025-10-17T07:50:35.877Z","level":"WARN","message":"Route not found: POST /error"}
{"timestamp":"2025-10-17T07:50:35.880Z","level":"WARN","message":"Route not found: POST /error"}
{"timestamp":"2025-10-17T07:50:35.885Z","level":"WARN","message":"Route not found: POST /error"}
{"timestamp":"2025-10-17T07:50:35.889Z","level":"WARN","message":"Route not found: POST /error"}
{"timestamp":"2025-10-17T07:50:35.893Z","level":"WARN","message":"Route not found: POST /error"}
{"timestamp":"2025-10-17T07:50:35.897Z","level":"WARN","message":"Route not found: POST /error"}
{"timestamp":"2025-10-17T07:50:35.900Z","level":"WARN","message":"Route not found: POST /error"}
{"timestamp":"2025-10-17T07:50:35.903Z","level":"WARN","message":"Route not found: POST /error"}
{"timestamp":"2025-10-17T07:50:35.907Z","level":"WARN","message":"Route not found: POST /error"}
{"timestamp":"2025-10-17T07:50:35.911Z","level":"WARN","message":"Route not found: POST /error"}
{"timestamp":"2025-10-17T07:50:35.916Z","level":"WARN","message":"Route not found: POST /error"}
{"timestamp":"2025-10-17T07:50:35.920Z","level":"WARN","message":"Route not found: POST /error"}
{"timestamp":"2025-10-17T07:50:35.924Z","level":"WARN","message":"Route not found: POST /error"}
{"timestamp":"2025-10-17T07:50:35.931Z","level":"WARN","message":"Route not found: POST /error"}
{"timestamp":"2025-10-17T07:50:35.935Z","level":"WARN","message":"Route not found: POST /error"}
{"timestamp":"2025-10-17T07:50:35.938Z","level":"WARN","message":"Route not found: POST /error"}
{"timestamp":"2025-10-17T07:50:35.942Z","level":"WARN","message":"Route not found: POST /error"}
{"timestamp":"2025-10-17T07:50:35.948Z","level":"WARN","message":"Route not found: POST /error"}
{"timestamp":"2025-10-17T07:50:35.952Z","level":"WARN","message":"Route not found: POST /error"}
{"timestamp":"2025-10-17T07:50:35.955Z","level":"WARN","message":"Route not found: POST /error"}
{"timestamp":"2025-10-17T07:50:35.961Z","level":"WARN","message":"Route not found: POST /error"}
{"timestamp":"2025-10-17T07:50:35.966Z","level":"WARN","message":"Route not found: POST /error"}
{"timestamp":"2025-10-17T07:50:35.969Z","level":"WARN","message":"Route not found: POST /error"}
{"timestamp":"2025-10-17T07:50:35.973Z","level":"WARN","message":"Route not found: POST /error"}
{"timestamp":"2025-10-17T07:50:35.979Z","level":"WARN","message":"Route not found: POST /error"}
{"timestamp":"2025-10-17T07:50:35.984Z","level":"WARN","message":"Route not found: POST /error"}
{"timestamp":"2025-10-17T07:50:35.989Z","level":"WARN","message":"Route not found: POST /error"}
{"timestamp":"2025-10-17T07:50:35.993Z","level":"WARN","message":"Route not found: POST /error"}
{"timestamp":"2025-10-17T07:50:35.998Z","level":"WARN","message":"Route not found: POST /error"}
{"timestamp":"2025-10-17T07:50:36.002Z","level":"WARN","message":"Route not found: POST /error"}
{"timestamp":"2025-10-17T07:50:36.006Z","level":"WARN","message":"Route not found: POST /error"}
{"timestamp":"2025-10-17T07:50:36.012Z","level":"WARN","message":"Route not found: POST /error"}
{"timestamp":"2025-10-17T07:50:36.016Z","level":"WARN","message":"Route not found: POST /error"}
{"timestamp":"2025-10-17T07:50:36.020Z","level":"WARN","message":"Route not found: POST /error"}
{"timestamp":"2025-10-17T07:50:36.023Z","level":"WARN","message":"Route not found: POST /error"}
{"timestamp":"2025-10-17T07:50:36.030Z","level":"WARN","message":"Route not found: POST /error"}
{"timestamp":"2025-10-17T07:50:36.033Z","level":"WARN","message":"Route not found: POST /error"}
{"timestamp":"2025-10-17T07:50:36.037Z","level":"WARN","message":"Route not found: POST /error"}
{"timestamp":"2025-10-17T07:50:36.043Z","level":"WARN","message":"Route not found: POST /error"}
{"timestamp":"2025-10-17T07:50:36.048Z","level":"WARN","message":"Route not found: POST /error"}
{"timestamp":"2025-10-17T07:50:36.051Z","level":"WARN","message":"Route not found: POST /error"}
{"timestamp":"2025-10-17T07:50:36.055Z","level":"WARN","message":"Route not found: POST /error"}
{"timestamp":"2025-10-17T07:50:36.061Z","level":"WARN","message":"Route not found: POST /error"}
{"timestamp":"2025-10-17T07:50:36.065Z","level":"WARN","message":"Route not found: POST /error"}
{"timestamp":"2025-10-17T07:50:36.069Z","level":"WARN","message":"Route not found: POST /error"}
{"timestamp":"2025-10-17T07:50:36.073Z","level":"WARN","message":"Route not found: POST /error"}
{"timestamp":"2025-10-17T07:50:36.079Z","level":"WARN","message":"Route not found: POST /error"}
{"timestamp":"2025-10-17T07:50:36.083Z","level":"WARN","message":"Route not found: POST /error"}
{"timestamp":"2025-10-17T07:50:36.086Z","level":"WARN","message":"Route not found: POST /error"}
{"timestamp":"2025-10-17T07:50:36.090Z","level":"WARN","message":"Route not found: POST /error"}
{"timestamp":"2025-10-17T07:50:36.097Z","level":"WARN","message":"Route not found: POST /error"}
{"timestamp":"2025-10-17T07:50:36.101Z","level":"WARN","message":"Route not found: POST /error"}
{"timestamp":"2025-10-17T07:50:36.105Z","level":"WARN","message":"Route not found: POST /error"}
{"timestamp":"2025-10-17T07:50:36.110Z","level":"WARN","message":"Route not found: POST /error"}
{"timestamp":"2025-10-17T07:50:36.116Z","level":"WARN","message":"Route not found: POST /error"}
{"timestamp":"2025-10-17T07:50:36.119Z","level":"WARN","message":"Route not found: POST /error"}
{"timestamp":"2025-10-17T07:50:36.123Z","level":"WARN","message":"Route not found: POST /error"}
{"timestamp":"2025-10-17T07:50:36.129Z","level":"WARN","message":"Route not found: POST /error"}
{"timestamp":"2025-10-17T07:50:36.132Z","level":"WARN","message":"Route not found: POST /error"}
{"timestamp":"2025-10-17T07:50:36.137Z","level":"WARN","message":"Route not found: POST /error"}
{"timestamp":"2025-10-17T07:50:36.140Z","level":"WARN","message":"Route not found: POST /error"}
{"timestamp":"2025-10-17T07:50:36.145Z","level":"WARN","message":"Route not found: POST /error"}
{"timestamp":"2025-10-17T07:50:36.149Z","level":"WARN","message":"Route not found: POST /error"}
{"timestamp":"2025-10-17T07:50:36.153Z","level":"WARN","message":"Route not found: POST /error"}
{"timestamp":"2025-10-17T07:50:36.157Z","level":"WARN","message":"Route not found: POST /error"}
{"timestamp":"2025-10-17T07:50:36.162Z","level":"WARN","message":"Route not found: POST /error"}
{"timestamp":"2025-10-17T07:50:36.166Z","level":"WARN","message":"Route not found: POST /error"}
{"timestamp":"2025-10-17T07:50:36.170Z","level":"WARN","message":"Route not found: POST /error"}
{"timestamp":"2025-10-17T07:50:36.174Z","level":"WARN","message":"Route not found: POST /error"}
{"timestamp":"2025-10-17T07:50:36.180Z","level":"WARN","message":"Route not found: POST /error"}
{"timestamp":"2025-10-17T07:50:36.184Z","level":"WARN","message":"Route not found: POST /error"}
{"timestamp":"2025-10-17T07:50:36.188Z","level":"WARN","message":"Route not found: POST /error"}
{"timestamp":"2025-10-17T07:50:36.193Z","level":"WARN","message":"Route not found: POST /error"}
{"timestamp":"2025-10-17T07:50:36.198Z","level":"WARN","message":"Route not found: POST /error"}
{"timestamp":"2025-10-17T07:50:36.201Z","level":"WARN","message":"Route not found: POST /error"}
{"timestamp":"2025-10-17T07:50:36.205Z","level":"WARN","message":"Route not found: POST /error"}
{"timestamp":"2025-10-17T07:50:36.212Z","level":"WARN","message":"Route not found: POST /error"}
{"timestamp":"2025-10-17T07:50:36.216Z","level":"WARN","message":"Route not found: POST /error"}
{"timestamp":"2025-10-17T07:50:36.219Z","level":"WARN","message":"Route not found: POST /error"}
{"timestamp":"2025-10-17T07:50:36.223Z","level":"WARN","message":"Route not found: POST /error"}
{"timestamp":"2025-10-17T07:50:36.228Z","level":"WARN","message":"Route not found: POST /error"}
{"timestamp":"2025-10-17T07:50:36.233Z","level":"WARN","message":"Route not found: POST /error"}
{"timestamp":"2025-10-17T07:50:36.236Z","level":"WARN","message":"Route not found: POST /error"}
{"timestamp":"2025-10-17T07:50:36.240Z","level":"WARN","message":"Route not found: POST /error"}
{"timestamp":"2025-10-17T07:50:36.245Z","level":"WARN","message":"Route not found: POST /error"}
{"timestamp":"2025-10-17T07:50:36.248Z","level":"WARN","message":"Route not found: POST /error"}
{"timestamp":"2025-10-17T07:50:36.252Z","level":"WARN","message":"Route not found: POST /error"}
{"timestamp":"2025-10-17T07:50:36.256Z","level":"WARN","message":"Route not found: POST /error"}
{"timestamp":"2025-10-17T07:50:36.260Z","level":"WARN","message":"Route not found: POST /error"}
{"timestamp":"2025-10-17T07:50:36.264Z","level":"WARN","message":"Route not found: POST /error"}
{"timestamp":"2025-10-17T07:50:36.268Z","level":"WARN","message":"Route not found: POST /error"}
{"timestamp":"2025-10-17T07:50:36.272Z","level":"WARN","message":"Route not found: POST /error"}
{"timestamp":"2025-10-17T07:50:36.276Z","level":"WARN","message":"Route not found: POST /error"}
{"timestamp":"2025-10-17T07:50:36.279Z","level":"WARN","message":"Route not found: POST /error"}
{"timestamp":"2025-10-17T07:50:36.284Z","level":"WARN","message":"Route not found: POST /error"}
{"timestamp":"2025-10-17T07:50:36.287Z","level":"WARN","message":"Route not found: POST /error"}
{"timestamp":"2025-10-17T07:50:36.290Z","level":"WARN","message":"Route not found: POST /error"}
{"timestamp":"2025-10-17T07:50:36.295Z","level":"WARN","message":"Route not found: POST /error"}
{"timestamp":"2025-10-17T07:50:36.298Z","level":"WARN","message":"Route not found: POST /error"}
{"timestamp":"2025-10-17T07:50:36.302Z","level":"WARN","message":"Route not found: POST /error"}
{"timestamp":"2025-10-17T07:50:36.306Z","level":"WARN","message":"Route not found: POST /error"}
{"timestamp":"2025-10-17T07:50:36.311Z","level":"WARN","message":"Route not found: POST /error"}
{"timestamp":"2025-10-17T07:50:36.316Z","level":"WARN","message":"Route not found: POST /error"}
{"timestamp":"2025-10-17T07:50:36.319Z","level":"WARN","message":"Route not found: POST /error"}
{"timestamp":"2025-10-17T07:50:36.323Z","level":"WARN","message":"Route not found: POST /error"}
{"timestamp":"2025-10-17T07:50:36.329Z","level":"WARN","message":"Route not found: POST /error"}
{"timestamp":"2025-10-17T07:50:36.335Z","level":"WARN","message":"Route not found: POST /error"}
{"timestamp":"2025-10-17T07:50:36.339Z","level":"WARN","message":"Route not found: POST /error"}
{"timestamp":"2025-10-17T07:50:36.344Z","level":"WARN","message":"Route not found: POST /error"}
{"timestamp":"2025-10-17T07:50:36.349Z","level":"WARN","message":"Route not found: POST /error"}
{"timestamp":"2025-10-17T07:50:36.353Z","level":"WARN","message":"Route not found: POST /error"}
{"timestamp":"2025-10-17T07:50:36.357Z","level":"WARN","message":"Route not found: POST /error"}
{"timestamp":"2025-10-17T07:50:36.361Z","level":"WARN","message":"Route not found: POST /error"}
{"timestamp":"2025-10-17T07:50:36.366Z","level":"WARN","message":"Route not found: POST /error"}
{"timestamp":"2025-10-17T07:50:36.370Z","level":"WARN","message":"Route not found: POST /error"}
{"timestamp":"2025-10-17T07:50:36.373Z","level":"WARN","message":"Route not found: POST /error"}
{"timestamp":"2025-10-17T07:50:36.378Z","level":"WARN","message":"Route not found: POST /error"}
{"timestamp":"2025-10-17T07:50:36.382Z","level":"WARN","message":"Route not found: POST /error"}
{"timestamp":"2025-10-17T07:50:36.385Z","level":"WARN","message":"Route not found: POST /error"}
{"timestamp":"2025-10-17T07:50:36.389Z","level":"WARN","message":"Route not found: POST /error"}
{"timestamp":"2025-10-17T07:50:36.396Z","level":"WARN","message":"Route not found: POST /error"}
{"timestamp":"2025-10-17T07:50:36.400Z","level":"WARN","message":"Route not found: POST /error"}
{"timestamp":"2025-10-17T07:50:36.404Z","level":"WARN","message":"Route not found: POST /error"}
{"timestamp":"2025-10-17T07:50:36.407Z","level":"WARN","message":"Route not found: POST /error"}
{"timestamp":"2025-10-17T07:50:36.414Z","level":"WARN","message":"Route not found: POST /error"}
{"timestamp":"2025-10-17T07:50:36.418Z","level":"WARN","message":"Route not found: POST /error"}
{"timestamp":"2025-10-17T07:50:36.421Z","level":"WARN","message":"Route not found: POST /error"}
{"timestamp":"2025-10-17T07:50:36.427Z","level":"WARN","message":"Route not found: POST /error"}
{"timestamp":"2025-10-17T07:50:36.430Z","level":"WARN","message":"Route not found: POST /error"}
{"timestamp":"2025-10-17T07:50:36.435Z","level":"WARN","message":"Route not found: POST /error"}
{"timestamp":"2025-10-17T07:50:36.439Z","level":"WARN","message":"Route not found: POST /error"}
{"timestamp":"2025-10-17T07:50:36.442Z","level":"WARN","message":"Route not found: POST /error"}
{"timestamp":"2025-10-17T07:50:36.446Z","level":"WARN","message":"Route not found: POST /error"}
{"timestamp":"2025-10-17T07:50:36.450Z","level":"WARN","message":"Route not found: POST /error"}
{"timestamp":"2025-10-17T07:50:36.454Z","level":"WARN","message":"Route not found: POST /error"}
{"timestamp":"2025-10-17T07:50:36.458Z","level":"WARN","message":"Route not found: POST /error"}
{"timestamp":"2025-10-17T07:50:36.462Z","level":"WARN","message":"Route not found: POST /error"}
{"timestamp":"2025-10-17T07:50:36.467Z","level":"WARN","message":"Route not found: POST /error"}
{"timestamp":"2025-10-17T07:50:36.470Z","level":"WARN","message":"Route not found: POST /error"}
{"timestamp":"2025-10-17T07:50:36.475Z","level":"WARN","message":"Route not found: POST /error"}
{"timestamp":"2025-10-17T07:50:36.479Z","level":"WARN","message":"Route not found: POST /error"}
{"timestamp":"2025-10-17T07:50:36.485Z","level":"WARN","message":"Route not found: POST /error"}
{"timestamp":"2025-10-17T07:50:36.489Z","level":"WARN","message":"Route not found: POST /error"}
{"timestamp":"2025-10-17T07:50:36.493Z","level":"WARN","message":"Route not found: POST /error"}
{"timestamp":"2025-10-17T07:50:36.498Z","level":"WARN","message":"Route not found: POST /error"}
{"timestamp":"2025-10-17T07:50:36.501Z","level":"WARN","message":"Route not found: POST /error"}
{"timestamp":"2025-10-17T07:50:36.504Z","level":"WARN","message":"Route not found: POST /error"}
{"timestamp":"2025-10-17T07:50:36.509Z","level":"WARN","message":"Route not found: POST /error"}
{"timestamp":"2025-10-17T07:50:36.512Z","level":"WARN","message":"Route not found: POST /error"}
{"timestamp":"2025-10-17T07:50:36.515Z","level":"WARN","message":"Route not found: POST /error"}
{"timestamp":"2025-10-17T07:50:36.519Z","level":"WARN","message":"Route not found: POST /error"}
{"timestamp":"2025-10-17T07:50:36.523Z","level":"WARN","message":"Route not found: POST /error"}
{"timestamp":"2025-10-17T07:50:36.528Z","level":"WARN","message":"Route not found: POST /error"}
{"timestamp":"2025-10-17T07:50:36.531Z","level":"WARN","message":"Route not found: POST /error"}
{"timestamp":"2025-10-17T07:50:36.535Z","level":"WARN","message":"Route not found: POST /error"}
{"timestamp":"2025-10-17T07:50:36.539Z","level":"WARN","message":"Route not found: POST /error"}
{"timestamp":"2025-10-17T07:50:36.543Z","level":"WARN","message":"Route not found: POST /error"}
{"timestamp":"2025-10-17T07:50:36.546Z","level":"WARN","message":"Route not found: POST /error"}
{"timestamp":"2025-10-17T07:50:36.550Z","level":"WARN","message":"Route not found: POST /error"}
{"timestamp":"2025-10-17T07:50:36.553Z","level":"WARN","message":"Route not found: POST /error"}
{"timestamp":"2025-10-17T07:50:36.558Z","level":"WARN","message":"Route not found: POST /error"}
{"timestamp":"2025-10-17T07:50:36.561Z","level":"WARN","message":"Route not found: POST /error"}
{"timestamp":"2025-10-17T07:50:36.564Z","level":"WARN","message":"Route not found: POST /error"}
{"timestamp":"2025-10-17T07:50:36.569Z","level":"WARN","message":"Route not found: POST /error"}
{"timestamp":"2025-10-17T07:50:36.572Z","level":"WARN","message":"Route not found: POST /error"}
{"timestamp":"2025-10-17T07:50:36.575Z","level":"WARN","message":"Route not found: POST /error"}
{"timestamp":"2025-10-17T07:50:36.579Z","level":"WARN","message":"Route not found: POST /error"}
{"timestamp":"2025-10-17T07:50:36.583Z","level":"WARN","message":"Route not found: POST /error"}
{"timestamp":"2025-10-17T07:50:36.586Z","level":"WARN","message":"Route not found: POST /error"}
{"timestamp":"2025-10-17T07:50:36.590Z","level":"WARN","message":"Route not found: POST /error"}
{"timestamp":"2025-10-17T07:50:36.594Z","level":"WARN","message":"Route not found: POST /error"}
{"timestamp":"2025-10-17T07:50:36.599Z","level":"WARN","message":"Route not found: POST /error"}
{"timestamp":"2025-10-17T07:50:36.602Z","level":"WARN","message":"Route not found: POST /error"}
{"timestamp":"2025-10-17T07:50:36.606Z","level":"WARN","message":"Route not found: POST /error"}
{"timestamp":"2025-10-17T07:50:36.611Z","level":"WARN","message":"Route not found: POST /error"}
{"timestamp":"2025-10-17T07:50:36.614Z","level":"WARN","message":"Route not found: POST /error"}
{"timestamp":"2025-10-17T07:50:36.617Z","level":"WARN","message":"Route not found: POST /error"}
{"timestamp":"2025-10-17T07:50:36.621Z","level":"WARN","message":"Route not found: POST /error"}
{"timestamp":"2025-10-17T07:50:36.625Z","level":"WARN","message":"Route not found: POST /error"}
{"timestamp":"2025-10-17T07:50:36.651Z","level":"WARN","message":"Route not found: POST /error"}
{"timestamp":"2025-10-17T07:50:36.654Z","level":"WARN","message":"Route not found: POST /error"}
{"timestamp":"2025-10-17T07:50:36.658Z","level":"WARN","message":"Route not found: POST /error"}
{"timestamp":"2025-10-17T07:50:36.662Z","level":"WARN","message":"Route not found: POST /error"}
{"timestamp":"2025-10-17T07:50:36.666Z","level":"WARN","message":"Route not found: POST /error"}
{"timestamp":"2025-10-17T07:50:36.670Z","level":"WARN","message":"Route not found: POST /error"}
{"timestamp":"2025-10-17T07:50:36.673Z","level":"WARN","message":"Route not found: POST /error"}
{"timestamp":"2025-10-17T07:50:36.677Z","level":"WARN","message":"Route not found: POST /error"}
{"timestamp":"2025-10-17T07:50:36.681Z","level":"WARN","message":"Route not found: POST /error"}
{"timestamp":"2025-10-17T07:50:36.685Z","level":"WARN","message":"Route not found: POST /error"}
{"timestamp":"2025-10-17T07:50:36.689Z","level":"WARN","message":"Route not found: POST /error"}
{"timestamp":"2025-10-17T07:50:36.693Z","level":"WARN","message":"Route not found: POST /error"}
{"timestamp":"2025-10-17T07:50:36.696Z","level":"WARN","message":"Route not found: POST /error"}
{"timestamp":"2025-10-17T07:50:36.700Z","level":"WARN","message":"Route not found: POST /error"}
{"timestamp":"2025-10-17T07:50:36.703Z","level":"WARN","message":"Route not found: POST /error"}
{"timestamp":"2025-10-17T07:50:36.709Z","level":"WARN","message":"Route not found: POST /error"}
{"timestamp":"2025-10-17T07:50:36.712Z","level":"WARN","message":"Route not found: POST /error"}
{"timestamp":"2025-10-17T07:50:36.715Z","level":"WARN","message":"Route not found: POST /error"}
{"timestamp":"2025-10-17T07:50:36.718Z","level":"WARN","message":"Route not found: POST /error"}
{"timestamp":"2025-10-17T07:50:36.722Z","level":"WARN","message":"Route not found: POST /error"}
{"timestamp":"2025-10-17T07:50:36.728Z","level":"WARN","message":"Route not found: POST /error"}
{"timestamp":"2025-10-17T07:50:36.731Z","level":"WARN","message":"Route not found: POST /error"}
{"timestamp":"2025-10-17T07:50:36.735Z","level":"WARN","message":"Route not found: POST /error"}
{"timestamp":"2025-10-17T07:50:36.738Z","level":"WARN","message":"Route not found: POST /error"}
{"timestamp":"2025-10-17T07:50:36.743Z","level":"WARN","message":"Route not found: POST /error"}
{"timestamp":"2025-10-17T07:50:36.746Z","level":"WARN","message":"Route not found: POST /error"}
{"timestamp":"2025-10-17T07:50:36.751Z","level":"WARN","message":"Route not found: POST /error"}
{"timestamp":"2025-10-17T07:50:36.754Z","level":"WARN","message":"Route not found: POST /error"}
{"timestamp":"2025-10-17T07:50:36.759Z","level":"WARN","message":"Route not found: POST /error"}
{"timestamp":"2025-10-17T07:50:36.762Z","level":"WARN","message":"Route not found: POST /error"}
{"timestamp":"2025-10-17T07:50:36.766Z","level":"WARN","message":"Route not found: POST /error"}
{"timestamp":"2025-10-17T07:50:36.770Z","level":"WARN","message":"Route not found: POST /error"}
{"timestamp":"2025-10-17T07:50:36.774Z","level":"WARN","message":"Route not found: POST /error"}
{"timestamp":"2025-10-17T07:50:36.777Z","level":"WARN","message":"Route not found: POST /error"}
{"timestamp":"2025-10-17T07:50:36.781Z","level":"WARN","message":"Route not found: POST /error"}
{"timestamp":"2025-10-17T07:50:36.785Z","level":"WARN","message":"Route not found: POST /error"}
{"timestamp":"2025-10-17T07:50:36.789Z","level":"WARN","message":"Route not found: POST /error"}
{"timestamp":"2025-10-17T07:50:36.794Z","level":"WARN","message":"Route not found: POST /error"}
{"timestamp":"2025-10-17T07:50:36.798Z","level":"WARN","message":"Route not found: POST /error"}
{"timestamp":"2025-10-17T07:50:36.801Z","level":"WARN","message":"Route not found: POST /error"}
{"timestamp":"2025-10-17T07:50:36.806Z","level":"WARN","message":"Route not found: POST /error"}
{"timestamp":"2025-10-17T07:50:36.810Z","level":"WARN","message":"Route not found: POST /error"}
{"timestamp":"2025-10-17T07:50:36.814Z","level":"WARN","message":"Route not found: POST /error"}
{"timestamp":"2025-10-17T07:50:36.818Z","level":"WARN","message":"Route not found: POST /error"}
{"timestamp":"2025-10-17T07:50:36.822Z","level":"WARN","message":"Route not found: POST /error"}
{"timestamp":"2025-10-17T07:50:36.828Z","level":"WARN","message":"Route not found: POST /error"}
{"timestamp":"2025-10-17T07:50:36.831Z","level":"WARN","message":"Route not found: POST /error"}
{"timestamp":"2025-10-17T07:50:36.835Z","level":"WARN","message":"Route not found: POST /error"}
{"timestamp":"2025-10-17T07:50:36.839Z","level":"WARN","message":"Route not found: POST /error"}
{"timestamp":"2025-10-17T07:50:36.845Z","level":"WARN","message":"Route not found: POST /error"}
{"timestamp":"2025-10-17T07:50:36.850Z","level":"WARN","message":"Route not found: POST /error"}
{"timestamp":"2025-10-17T07:50:36.855Z","level":"WARN","message":"Route not found: POST /error"}
{"timestamp":"2025-10-17T07:50:36.860Z","level":"WARN","message":"Route not found: POST /error"}
{"timestamp":"2025-10-17T07:50:36.865Z","level":"WARN","message":"Route not found: POST /error"}
{"timestamp":"2025-10-17T07:50:36.870Z","level":"WARN","message":"Route not found: POST /error"}
{"timestamp":"2025-10-17T07:50:36.875Z","level":"WARN","message":"Route not found: POST /error"}
{"timestamp":"2025-10-17T07:50:36.880Z","level":"WARN","message":"Route not found: POST /error"}
{"timestamp":"2025-10-17T07:50:36.886Z","level":"WARN","message":"Route not found: POST /error"}
{"timestamp":"2025-10-17T07:50:36.891Z","level":"WARN","message":"Route not found: POST /error"}
{"timestamp":"2025-10-17T07:50:36.896Z","level":"WARN","message":"Route not found: POST /error"}
{"timestamp":"2025-10-17T07:50:36.901Z","level":"WARN","message":"Route not found: POST /error"}
{"timestamp":"2025-10-17T07:50:36.906Z","level":"WARN","message":"Route not found: POST /error"}
{"timestamp":"2025-10-17T07:50:36.912Z","level":"WARN","message":"Route not found: POST /error"}
{"timestamp":"2025-10-17T07:50:36.918Z","level":"WARN","message":"Route not found: POST /error"}
{"timestamp":"2025-10-17T07:50:36.922Z","level":"WARN","message":"Route not found: POST /error"}
{"timestamp":"2025-10-17T07:50:36.930Z","level":"WARN","message":"Route not found: POST /error"}
{"timestamp":"2025-10-17T07:50:36.934Z","level":"WARN","message":"Route not found: POST /error"}
{"timestamp":"2025-10-17T07:50:36.938Z","level":"WARN","message":"Route not found: POST /error"}
{"timestamp":"2025-10-17T07:50:36.945Z","level":"WARN","message":"Route not found: POST /error"}
{"timestamp":"2025-10-17T07:50:36.949Z","level":"WARN","message":"Route not found: POST /error"}
{"timestamp":"2025-10-17T07:50:36.955Z","level":"WARN","message":"Route not found: POST /error"}
{"timestamp":"2025-10-17T07:50:36.961Z","level":"WARN","message":"Route not found: POST /error"}
{"timestamp":"2025-10-17T07:50:36.967Z","level":"WARN","message":"Route not found: POST /error"}
{"timestamp":"2025-10-17T07:50:36.972Z","level":"WARN","message":"Route not found: POST /error"}
{"timestamp":"2025-10-17T07:50:36.979Z","level":"WARN","message":"Route not found: POST /error"}
{"timestamp":"2025-10-17T07:50:36.983Z","level":"WARN","message":"Route not found: POST /error"}
{"timestamp":"2025-10-17T07:50:36.988Z","level":"WARN","message":"Route not found: POST /error"}
{"timestamp":"2025-10-17T07:50:36.993Z","level":"WARN","message":"Route not found: POST /error"}
{"timestamp":"2025-10-17T07:50:36.998Z","level":"WARN","message":"Route not found: POST /error"}
{"timestamp":"2025-10-17T07:50:37.003Z","level":"WARN","message":"Route not found: POST /error"}
{"timestamp":"2025-10-17T07:50:37.014Z","level":"WARN","message":"Route not found: POST /error"}
{"timestamp":"2025-10-17T07:50:37.020Z","level":"WARN","message":"Route not found: POST /error"}
{"timestamp":"2025-10-17T07:50:37.026Z","level":"WARN","message":"Route not found: POST /error"}
{"timestamp":"2025-10-17T07:50:37.031Z","level":"WARN","message":"Route not found: POST /error"}
{"timestamp":"2025-10-17T07:50:37.036Z","level":"WARN","message":"Route not found: POST /error"}
{"timestamp":"2025-10-17T07:50:37.041Z","level":"WARN","message":"Route not found: POST /error"}
{"timestamp":"2025-10-17T07:50:37.046Z","level":"WARN","message":"Route not found: POST /error"}
{"timestamp":"2025-10-17T07:50:37.052Z","level":"WARN","message":"Route not found: POST /error"}
{"timestamp":"2025-10-17T07:50:37.057Z","level":"WARN","message":"Route not found: POST /error"}
{"timestamp":"2025-10-17T07:50:37.064Z","level":"WARN","message":"Route not found: POST /error"}
{"timestamp":"2025-10-17T07:50:37.068Z","level":"WARN","message":"Route not found: POST /error"}
{"timestamp":"2025-10-17T07:50:37.075Z","level":"WARN","message":"Route not found: POST /error"}
{"timestamp":"2025-10-17T07:50:37.080Z","level":"WARN","message":"Route not found: POST /error"}
{"timestamp":"2025-10-17T07:50:37.085Z","level":"WARN","message":"Route not found: POST /error"}
{"timestamp":"2025-10-17T07:50:37.102Z","level":"WARN","message":"Route not found: POST /error"}
{"timestamp":"2025-10-17T07:50:37.115Z","level":"WARN","message":"Route not found: POST /error"}
{"timestamp":"2025-10-17T07:50:37.119Z","level":"WARN","message":"Route not found: POST /error"}
{"timestamp":"2025-10-17T07:50:37.128Z","level":"WARN","message":"Route not found: POST /error"}
{"timestamp":"2025-10-17T07:50:37.133Z","level":"WARN","message":"Route not found: POST /error"}
{"timestamp":"2025-10-17T07:50:37.137Z","level":"WARN","message":"Route not found: POST /error"}
{"timestamp":"2025-10-17T07:50:37.144Z","level":"WARN","message":"Route not found: POST /error"}
{"timestamp":"2025-10-17T07:50:37.150Z","level":"WARN","message":"Route not found: POST /error"}
{"timestamp":"2025-10-17T07:50:37.155Z","level":"WARN","message":"Route not found: POST /error"}
{"timestamp":"2025-10-17T07:50:37.162Z","level":"WARN","message":"Route not found: POST /error"}
{"timestamp":"2025-10-17T07:50:37.167Z","level":"WARN","message":"Route not found: POST /error"}
{"timestamp":"2025-10-17T07:50:37.171Z","level":"WARN","message":"Route not found: POST /error"}
{"timestamp":"2025-10-17T07:50:37.178Z","level":"WARN","message":"Route not found: POST /error"}
{"timestamp":"2025-10-17T07:50:37.183Z","level":"WARN","message":"Route not found: POST /error"}
{"timestamp":"2025-10-17T07:50:37.188Z","level":"WARN","message":"Route not found: POST /error"}
{"timestamp":"2025-10-17T07:50:37.193Z","level":"WARN","message":"Route not found: POST /error"}
{"timestamp":"2025-10-17T07:50:37.198Z","level":"WARN","message":"Route not found: POST /error"}
{"timestamp":"2025-10-17T07:50:37.204Z","level":"WARN","message":"Route not found: POST /error"}
{"timestamp":"2025-10-17T07:50:37.210Z","level":"WARN","message":"Route not found: POST /error"}
{"timestamp":"2025-10-17T07:50:37.215Z","level":"WARN","message":"Route not found: POST /error"}
{"timestamp":"2025-10-17T07:50:37.221Z","level":"WARN","message":"Route not found: POST /error"}
{"timestamp":"2025-10-17T07:50:37.227Z","level":"WARN","message":"Route not found: POST /error"}
{"timestamp":"2025-10-17T07:50:37.233Z","level":"WARN","message":"Route not found: POST /error"}
{"timestamp":"2025-10-17T07:50:37.241Z","level":"WARN","message":"Route not found: POST /error"}
{"timestamp":"2025-10-17T07:50:37.247Z","level":"WARN","message":"Route not found: POST /error"}
{"timestamp":"2025-10-17T07:50:37.251Z","level":"WARN","message":"Route not found: POST /error"}
{"timestamp":"2025-10-17T07:50:37.257Z","level":"WARN","message":"Route not found: POST /error"}
{"timestamp":"2025-10-17T07:50:37.263Z","level":"WARN","message":"Route not found: POST /error"}
{"timestamp":"2025-10-17T07:50:37.268Z","level":"WARN","message":"Route not found: POST /error"}
{"timestamp":"2025-10-17T07:50:37.273Z","level":"WARN","message":"Route not found: POST /error"}
{"timestamp":"2025-10-17T07:50:37.280Z","level":"WARN","message":"Route not found: POST /error"}
{"timestamp":"2025-10-17T07:50:37.287Z","level":"WARN","message":"Route not found: POST /error"}
{"timestamp":"2025-10-17T07:50:37.294Z","level":"WARN","message":"Route not found: POST /error"}
{"timestamp":"2025-10-17T07:50:37.299Z","level":"WARN","message":"Route not found: POST /error"}
{"timestamp":"2025-10-17T07:50:37.305Z","level":"WARN","message":"Route not found: POST /error"}
{"timestamp":"2025-10-17T07:50:37.313Z","level":"WARN","message":"Route not found: POST /error"}
{"timestamp":"2025-10-17T07:50:37.319Z","level":"WARN","message":"Route not found: POST /error"}
{"timestamp":"2025-10-17T07:50:37.326Z","level":"WARN","message":"Route not found: POST /error"}
{"timestamp":"2025-10-17T07:50:37.332Z","level":"WARN","message":"Route not found: POST /error"}
{"timestamp":"2025-10-17T07:50:37.337Z","level":"WARN","message":"Route not found: POST /error"}
{"timestamp":"2025-10-17T07:50:37.343Z","level":"WARN","message":"Route not found: POST /error"}
{"timestamp":"2025-10-17T07:50:37.349Z","level":"WARN","message":"Route not found: POST /error"}
{"timestamp":"2025-10-17T07:50:37.354Z","level":"WARN","message":"Route not found: POST /error"}
{"timestamp":"2025-10-17T07:50:37.361Z","level":"WARN","message":"Route not found: POST /error"}
{"timestamp":"2025-10-17T07:50:37.366Z","level":"WARN","message":"Route not found: POST /error"}
{"timestamp":"2025-10-17T07:50:37.371Z","level":"WARN","message":"Route not found: POST /error"}
{"timestamp":"2025-10-17T07:50:37.379Z","level":"WARN","message":"Route not found: POST /error"}
{"timestamp":"2025-10-17T07:50:37.384Z","level":"WARN","message":"Route not found: POST /error"}
{"timestamp":"2025-10-17T07:50:37.389Z","level":"WARN","message":"Route not found: POST /error"}
{"timestamp":"2025-10-17T07:50:37.394Z","level":"WARN","message":"Route not found: POST /error"}
{"timestamp":"2025-10-17T07:50:37.400Z","level":"WARN","message":"Route not found: POST /error"}
{"timestamp":"2025-10-17T07:50:37.405Z","level":"WARN","message":"Route not found: POST /error"}
{"timestamp":"2025-10-17T07:50:37.410Z","level":"WARN","message":"Route not found: POST /error"}
{"timestamp":"2025-10-17T07:50:37.415Z","level":"WARN","message":"Route not found: POST /error"}
{"timestamp":"2025-10-17T07:50:37.420Z","level":"WARN","message":"Route not found: POST /error"}
{"timestamp":"2025-10-17T07:50:37.425Z","level":"WARN","message":"Route not found: POST /error"}
{"timestamp":"2025-10-17T07:50:37.431Z","level":"WARN","message":"Route not found: POST /error"}
{"timestamp":"2025-10-17T07:50:37.436Z","level":"WARN","message":"Route not found: POST /error"}
{"timestamp":"2025-10-17T07:50:37.443Z","level":"WARN","message":"Route not found: POST /error"}
{"timestamp":"2025-10-17T07:50:37.449Z","level":"WARN","message":"Route not found: POST /error"}
{"timestamp":"2025-10-17T07:50:37.456Z","level":"WARN","message":"Route not found: POST /error"}
{"timestamp":"2025-10-17T07:50:37.462Z","level":"WARN","message":"Route not found: POST /error"}
{"timestamp":"2025-10-17T07:50:37.467Z","level":"WARN","message":"Route not found: POST /error"}
{"timestamp":"2025-10-17T07:50:37.474Z","level":"WARN","message":"Route not found: POST /error"}
{"timestamp":"2025-10-17T07:50:37.480Z","level":"WARN","message":"Route not found: POST /error"}
{"timestamp":"2025-10-17T07:50:37.485Z","level":"WARN","message":"Route not found: POST /error"}
{"timestamp":"2025-10-17T07:50:37.489Z","level":"WARN","message":"Route not found: POST /error"}
{"timestamp":"2025-10-17T07:50:37.495Z","level":"WARN","message":"Route not found: POST /error"}
{"timestamp":"2025-10-17T07:50:37.500Z","level":"WARN","message":"Route not found: POST /error"}
{"timestamp":"2025-10-17T07:50:37.505Z","level":"WARN","message":"Route not found: POST /error"}
{"timestamp":"2025-10-17T07:50:37.511Z","level":"WARN","message":"Route not found: POST /error"}
{"timestamp":"2025-10-17T07:50:37.516Z","level":"WARN","message":"Route not found: POST /error"}
{"timestamp":"2025-10-17T07:50:37.520Z","level":"WARN","message":"Route not found: POST /error"}
{"timestamp":"2025-10-17T07:50:37.527Z","level":"WARN","message":"Route not found: POST /error"}
{"timestamp":"2025-10-17T07:50:37.531Z","level":"WARN","message":"Route not found: POST /error"}
{"timestamp":"2025-10-17T07:50:37.537Z","level":"WARN","message":"Route not found: POST /error"}
{"timestamp":"2025-10-17T07:50:37.542Z","level":"WARN","message":"Route not found: POST /error"}
{"timestamp":"2025-10-17T07:50:37.548Z","level":"WARN","message":"Route not found: POST /error"}
{"timestamp":"2025-10-17T07:50:37.553Z","level":"WARN","message":"Route not found: POST /error"}
{"timestamp":"2025-10-17T07:50:37.560Z","level":"WARN","message":"Route not found: POST /error"}
{"timestamp":"2025-10-17T07:50:37.565Z","level":"WARN","message":"Route not found: POST /error"}
{"timestamp":"2025-10-17T07:50:37.569Z","level":"WARN","message":"Route not found: POST /error"}
{"timestamp":"2025-10-17T07:50:37.575Z","level":"WARN","message":"Route not found: POST /error"}
{"timestamp":"2025-10-17T07:50:37.580Z","level":"WARN","message":"Route not found: POST /error"}
{"timestamp":"2025-10-17T07:50:37.584Z","level":"WARN","message":"Route not found: POST /error"}
{"timestamp":"2025-10-17T07:50:37.590Z","level":"WARN","message":"Route not found: POST /error"}
{"timestamp":"2025-10-17T07:50:37.595Z","level":"WARN","message":"Route not found: POST /error"}
{"timestamp":"2025-10-17T07:50:37.600Z","level":"WARN","message":"Route not found: POST /error"}
{"timestamp":"2025-10-17T07:50:37.604Z","level":"WARN","message":"Route not found: POST /error"}
{"timestamp":"2025-10-17T07:50:37.609Z","level":"WARN","message":"Route not found: POST /error"}
{"timestamp":"2025-10-17T07:50:37.614Z","level":"WARN","message":"Route not found: POST /error"}
{"timestamp":"2025-10-17T07:50:37.618Z","level":"WARN","message":"Route not found: POST /error"}
{"timestamp":"2025-10-17T07:50:37.622Z","level":"WARN","message":"Route not found: POST /error"}
{"timestamp":"2025-10-17T07:50:37.627Z","level":"WARN","message":"Route not found: POST /error"}
{"timestamp":"2025-10-17T07:50:37.632Z","level":"WARN","message":"Route not found: POST /error"}
{"timestamp":"2025-10-17T07:50:37.637Z","level":"WARN","message":"Route not found: POST /error"}
{"timestamp":"2025-10-17T07:50:37.642Z","level":"WARN","message":"Route not found: POST /error"}
{"timestamp":"2025-10-17T07:50:37.647Z","level":"WARN","message":"Route not found: POST /error"}
{"timestamp":"2025-10-17T07:50:37.652Z","level":"WARN","message":"Route not found: POST /error"}
{"timestamp":"2025-10-17T07:50:37.657Z","level":"WARN","message":"Route not found: POST /error"}
{"timestamp":"2025-10-17T07:50:37.661Z","level":"WARN","message":"Route not found: POST /error"}
{"timestamp":"2025-10-17T07:50:37.666Z","level":"WARN","message":"Route not found: POST /error"}
{"timestamp":"2025-10-17T07:50:37.670Z","level":"WARN","message":"Route not found: POST /error"}
{"timestamp":"2025-10-17T07:50:37.675Z","level":"WARN","message":"Route not found: POST /error"}
{"timestamp":"2025-10-17T07:50:37.680Z","level":"WARN","message":"Route not found: POST /error"}
{"timestamp":"2025-10-17T07:50:37.684Z","level":"WARN","message":"Route not found: POST /error"}
{"timestamp":"2025-10-17T07:50:37.689Z","level":"WARN","message":"Route not found: POST /error"}
{"timestamp":"2025-10-17T07:50:37.693Z","level":"WARN","message":"Route not found: POST /error"}
{"timestamp":"2025-10-17T07:50:37.697Z","level":"WARN","message":"Route not found: POST /error"}
{"timestamp":"2025-10-17T07:50:37.702Z","level":"WARN","message":"Route not found: POST /error"}
{"timestamp":"2025-10-17T07:50:37.707Z","level":"WARN","message":"Route not found: POST /error"}
{"timestamp":"2025-10-17T07:50:37.711Z","level":"WARN","message":"Route not found: POST /error"}
{"timestamp":"2025-10-17T07:50:37.715Z","level":"WARN","message":"Route not found: POST /error"}
{"timestamp":"2025-10-17T07:50:37.720Z","level":"WARN","message":"Route not found: POST /error"}
{"timestamp":"2025-10-17T07:50:37.726Z","level":"WARN","message":"Route not found: POST /error"}
{"timestamp":"2025-10-17T07:50:37.730Z","level":"WARN","message":"Route not found: POST /error"}
{"timestamp":"2025-10-17T07:50:37.735Z","level":"WARN","message":"Route not found: POST /error"}
{"timestamp":"2025-10-17T07:50:37.739Z","level":"WARN","message":"Route not found: POST /error"}
{"timestamp":"2025-10-17T07:50:37.744Z","level":"WARN","message":"Route not found: POST /error"}
{"timestamp":"2025-10-17T07:50:37.748Z","level":"WARN","message":"Route not found: POST /error"}
{"timestamp":"2025-10-17T07:50:37.752Z","level":"WARN","message":"Route not found: POST /error"}
{"timestamp":"2025-10-17T07:50:37.757Z","level":"WARN","message":"Route not found: POST /error"}
{"timestamp":"2025-10-17T07:50:37.762Z","level":"WARN","message":"Route not found: POST /error"}
{"timestamp":"2025-10-17T07:50:37.766Z","level":"WARN","message":"Route not found: POST /error"}
{"timestamp":"2025-10-17T07:50:37.771Z","level":"WARN","message":"Route not found: POST /error"}
{"timestamp":"2025-10-17T07:50:37.775Z","level":"WARN","message":"Route not found: POST /error"}
{"timestamp":"2025-10-17T07:50:37.780Z","level":"WARN","message":"Route not found: POST /error"}
{"timestamp":"2025-10-17T07:50:37.784Z","level":"WARN","message":"Route not found: POST /error"}
{"timestamp":"2025-10-17T07:50:37.788Z","level":"WARN","message":"Route not found: POST /error"}
{"timestamp":"2025-10-17T07:50:37.793Z","level":"WARN","message":"Route not found: POST /error"}
{"timestamp":"2025-10-17T07:50:37.798Z","level":"WARN","message":"Route not found: POST /error"}
{"timestamp":"2025-10-17T07:50:37.802Z","level":"WARN","message":"Route not found: POST /error"}
{"timestamp":"2025-10-17T07:50:37.806Z","level":"WARN","message":"Route not found: POST /error"}
{"timestamp":"2025-10-17T07:50:37.811Z","level":"WARN","message":"Route not found: POST /error"}
{"timestamp":"2025-10-17T07:50:37.815Z","level":"WARN","message":"Route not found: POST /error"}
{"timestamp":"2025-10-17T07:50:37.820Z","level":"WARN","message":"Route not found: POST /error"}
{"timestamp":"2025-10-17T07:50:37.825Z","level":"WARN","message":"Route not found: POST /error"}
{"timestamp":"2025-10-17T07:50:37.829Z","level":"WARN","message":"Route not found: POST /error"}
{"timestamp":"2025-10-17T07:50:37.834Z","level":"WARN","message":"Route not found: POST /error"}
{"timestamp":"2025-10-17T07:50:37.838Z","level":"WARN","message":"Route not found: POST /error"}
{"timestamp":"2025-10-17T07:50:37.843Z","level":"WARN","message":"Route not found: POST /error"}
{"timestamp":"2025-10-17T07:50:37.847Z","level":"WARN","message":"Route not found: POST /error"}
{"timestamp":"2025-10-17T07:50:37.852Z","level":"WARN","message":"Route not found: POST /error"}
{"timestamp":"2025-10-17T07:50:37.857Z","level":"WARN","message":"Route not found: POST /error"}
{"timestamp":"2025-10-17T07:50:37.862Z","level":"WARN","message":"Route not found: POST /error"}
{"timestamp":"2025-10-17T07:50:37.867Z","level":"WARN","message":"Route not found: POST /error"}
{"timestamp":"2025-10-17T07:50:37.872Z","level":"WARN","message":"Route not found: POST /error"}
{"timestamp":"2025-10-17T07:50:37.878Z","level":"WARN","message":"Route not found: POST /error"}
{"timestamp":"2025-10-17T07:50:37.882Z","level":"WARN","message":"Route not found: POST /error"}
{"timestamp":"2025-10-17T07:50:37.888Z","level":"WARN","message":"Route not found: POST /error"}
{"timestamp":"2025-10-17T07:50:37.894Z","level":"WARN","message":"Route not found: POST /error"}
{"timestamp":"2025-10-17T07:50:37.898Z","level":"WARN","message":"Route not found: POST /error"}
{"timestamp":"2025-10-17T07:50:37.903Z","level":"WARN","message":"Route not found: POST /error"}
{"timestamp":"2025-10-17T07:50:37.908Z","level":"WARN","message":"Route not found: POST /error"}
{"timestamp":"2025-10-17T07:50:37.912Z","level":"WARN","message":"Route not found: POST /error"}
{"timestamp":"2025-10-17T07:50:37.917Z","level":"WARN","message":"Route not found: POST /error"}
{"timestamp":"2025-10-17T07:50:37.921Z","level":"WARN","message":"Route not found: POST /error"}
{"timestamp":"2025-10-17T07:50:37.926Z","level":"WARN","message":"Route not found: POST /error"}
{"timestamp":"2025-10-17T07:50:37.931Z","level":"WARN","message":"Route not found: POST /error"}
{"timestamp":"2025-10-17T07:50:37.936Z","level":"WARN","message":"Route not found: POST /error"}
{"timestamp":"2025-10-17T07:50:37.940Z","level":"WARN","message":"Route not found: POST /error"}
{"timestamp":"2025-10-17T07:50:37.944Z","level":"WARN","message":"Route not found: POST /error"}
{"timestamp":"2025-10-17T07:50:37.949Z","level":"WARN","message":"Route not found: POST /error"}
{"timestamp":"2025-10-17T07:50:37.954Z","level":"WARN","message":"Route not found: POST /error"}
{"timestamp":"2025-10-17T07:50:37.958Z","level":"WARN","message":"Route not found: POST /error"}
{"timestamp":"2025-10-17T07:50:37.963Z","level":"WARN","message":"Route not found: POST /error"}
{"timestamp":"2025-10-17T07:50:37.968Z","level":"WARN","message":"Route not found: POST /error"}
{"timestamp":"2025-10-17T07:50:37.974Z","level":"WARN","message":"Route not found: POST /error"}
{"timestamp":"2025-10-17T07:50:37.978Z","level":"WARN","message":"Route not found: POST /error"}
{"timestamp":"2025-10-17T07:50:37.984Z","level":"WARN","message":"Route not found: POST /error"}
{"timestamp":"2025-10-17T07:50:37.989Z","level":"WARN","message":"Route not found: POST /error"}
{"timestamp":"2025-10-17T07:50:38.015Z","level":"WARN","message":"Route not found: POST /error"}
{"timestamp":"2025-10-17T07:50:38.020Z","level":"WARN","message":"Route not found: POST /error"}
{"timestamp":"2025-10-17T07:50:38.026Z","level":"WARN","message":"Route not found: POST /error"}
{"timestamp":"2025-10-17T07:50:38.033Z","level":"WARN","message":"Route not found: POST /error"}
{"timestamp":"2025-10-17T07:50:38.039Z","level":"WARN","message":"Route not found: POST /error"}
{"timestamp":"2025-10-17T07:50:38.045Z","level":"WARN","message":"Route not found: POST /error"}
{"timestamp":"2025-10-17T07:50:38.050Z","level":"WARN","message":"Route not found: POST /error"}
{"timestamp":"2025-10-17T07:50:38.055Z","level":"WARN","message":"Route not found: POST /error"}
{"timestamp":"2025-10-17T07:50:38.059Z","level":"WARN","message":"Route not found: POST /error"}
{"timestamp":"2025-10-17T07:50:38.064Z","level":"WARN","message":"Route not found: POST /error"}
{"timestamp":"2025-10-17T07:50:38.068Z","level":"WARN","message":"Route not found: POST /error"}
{"timestamp":"2025-10-17T07:50:38.074Z","level":"WARN","message":"Route not found: POST /error"}
{"timestamp":"2025-10-17T07:50:38.078Z","level":"WARN","message":"Route not found: POST /error"}
{"timestamp":"2025-10-17T07:50:38.084Z","level":"WARN","message":"Route not found: POST /error"}
{"timestamp":"2025-10-17T07:50:38.088Z","level":"WARN","message":"Route not found: POST /error"}
{"timestamp":"2025-10-17T07:50:38.103Z","level":"WARN","message":"Route not found: POST /error"}
{"timestamp":"2025-10-17T07:50:38.116Z","level":"WARN","message":"Route not found: POST /error"}
{"timestamp":"2025-10-17T07:50:38.129Z","level":"WARN","message":"Route not found: POST /error"}
{"timestamp":"2025-10-17T07:50:38.135Z","level":"WARN","message":"Route not found: POST /error"}
{"timestamp":"2025-10-17T07:50:38.142Z","level":"WARN","message":"Route not found: POST /error"}
{"timestamp":"2025-10-17T07:50:38.148Z","level":"WARN","message":"Route not found: POST /error"}
{"timestamp":"2025-10-17T07:50:38.165Z","level":"WARN","message":"Route not found: POST /error"}
{"timestamp":"2025-10-17T07:50:38.180Z","level":"WARN","message":"Route not found: POST /error"}
{"timestamp":"2025-10-17T07:50:38.189Z","level":"WARN","message":"Route not found: POST /error"}
{"timestamp":"2025-10-17T07:50:38.199Z","level":"WARN","message":"Route not found: POST /error"}
{"timestamp":"2025-10-17T07:50:38.221Z","level":"WARN","message":"Route not found: POST /error"}
{"timestamp":"2025-10-17T07:50:38.242Z","level":"WARN","message":"Route not found: POST /error"}
{"timestamp":"2025-10-17T08:15:32.926Z","level":"WARN","message":"Browser error report","data":{"message":"Script loaded successfully","url":"http://localhost:5000/#ai-matching","userAgent":"Mozilla/5.0 (Windows NT 10.0; Win64; x64) AppleWebKit/537.36 (KHTML, like Gecko) Chrome/141.0.0.0 Safari/537.36"}}
{"timestamp":"2025-10-17T08:29:02.199Z","level":"WARN","message":"Browser error report","data":{"message":"Script loaded successfully","url":"http://localhost:5000/#ai-matching","userAgent":"Mozilla/5.0 (Windows NT 10.0; Win64; x64) AppleWebKit/537.36 (KHTML, like Gecko) Chrome/141.0.0.0 Safari/537.36"}}
{"timestamp":"2025-10-17T08:36:22.586Z","level":"WARN","message":"Browser error report","data":{"message":"Script loaded successfully","url":"http://localhost:5000/#ai-matching","userAgent":"Mozilla/5.0 (Windows NT 10.0; Win64; x64) AppleWebKit/537.36 (KHTML, like Gecko) Chrome/141.0.0.0 Safari/537.36"}}
{"timestamp":"2025-10-17T08:36:44.939Z","level":"WARN","message":"Browser error report","data":{"message":"HTTP 400: Bad Request","url":"http://localhost:5000/api/auth/login","userAgent":"Mozilla/5.0 (Windows NT 10.0; Win64; x64) AppleWebKit/537.36 (KHTML, like Gecko) Chrome/141.0.0.0 Safari/537.36"}}
{"timestamp":"2025-10-17T08:36:44.943Z","level":"WARN","message":"Browser error report","data":{"message":"❌ Login error: Error: Invalid credentials","url":"http://localhost:5000/#ai-matching","userAgent":"Mozilla/5.0 (Windows NT 10.0; Win64; x64) AppleWebKit/537.36 (KHTML, like Gecko) Chrome/141.0.0.0 Safari/537.36"}}
{"timestamp":"2025-10-17T08:36:44.945Z","level":"WARN","message":"Browser error report","data":{"message":"❌ Error name: Error","url":"http://localhost:5000/#ai-matching","userAgent":"Mozilla/5.0 (Windows NT 10.0; Win64; x64) AppleWebKit/537.36 (KHTML, like Gecko) Chrome/141.0.0.0 Safari/537.36"}}
{"timestamp":"2025-10-17T08:36:44.948Z","level":"WARN","message":"Browser error report","data":{"message":"❌ Error message: Invalid credentials","url":"http://localhost:5000/#ai-matching","userAgent":"Mozilla/5.0 (Windows NT 10.0; Win64; x64) AppleWebKit/537.36 (KHTML, like Gecko) Chrome/141.0.0.0 Safari/537.36"}}
{"timestamp":"2025-10-17T08:36:44.950Z","level":"WARN","message":"Browser error report","data":{"message":"❌ Error stack: Error: Invalid credentials\n    at http://localhost:5000/:4343:31","url":"http://localhost:5000/#ai-matching","userAgent":"Mozilla/5.0 (Windows NT 10.0; Win64; x64) AppleWebKit/537.36 (KHTML, like Gecko) Chrome/141.0.0.0 Safari/537.36"}}
{"timestamp":"2025-10-17T08:36:48.305Z","level":"WARN","message":"Browser error report","data":{"message":"HTTP 400: Bad Request","url":"http://localhost:5000/api/auth/login","userAgent":"Mozilla/5.0 (Windows NT 10.0; Win64; x64) AppleWebKit/537.36 (KHTML, like Gecko) Chrome/141.0.0.0 Safari/537.36"}}
{"timestamp":"2025-10-17T08:36:48.307Z","level":"WARN","message":"Browser error report","data":{"message":"❌ Login error: Error: Invalid credentials","url":"http://localhost:5000/#ai-matching","userAgent":"Mozilla/5.0 (Windows NT 10.0; Win64; x64) AppleWebKit/537.36 (KHTML, like Gecko) Chrome/141.0.0.0 Safari/537.36"}}
{"timestamp":"2025-10-17T08:36:48.310Z","level":"WARN","message":"Browser error report","data":{"message":"❌ Error name: Error","url":"http://localhost:5000/#ai-matching","userAgent":"Mozilla/5.0 (Windows NT 10.0; Win64; x64) AppleWebKit/537.36 (KHTML, like Gecko) Chrome/141.0.0.0 Safari/537.36"}}
{"timestamp":"2025-10-17T08:36:48.312Z","level":"WARN","message":"Browser error report","data":{"message":"❌ Error message: Invalid credentials","url":"http://localhost:5000/#ai-matching","userAgent":"Mozilla/5.0 (Windows NT 10.0; Win64; x64) AppleWebKit/537.36 (KHTML, like Gecko) Chrome/141.0.0.0 Safari/537.36"}}
{"timestamp":"2025-10-17T08:36:48.316Z","level":"WARN","message":"Browser error report","data":{"message":"❌ Error stack: Error: Invalid credentials\n    at http://localhost:5000/:4343:31","url":"http://localhost:5000/#ai-matching","userAgent":"Mozilla/5.0 (Windows NT 10.0; Win64; x64) AppleWebKit/537.36 (KHTML, like Gecko) Chrome/141.0.0.0 Safari/537.36"}}
{"timestamp":"2025-10-17T08:36:58.516Z","level":"WARN","message":"Browser error report","data":{"message":"HTTP 400: Bad Request","url":"http://localhost:5000/api/auth/login","userAgent":"Mozilla/5.0 (Windows NT 10.0; Win64; x64) AppleWebKit/537.36 (KHTML, like Gecko) Chrome/141.0.0.0 Safari/537.36"}}
{"timestamp":"2025-10-17T08:36:58.522Z","level":"WARN","message":"Browser error report","data":{"message":"❌ Login error: Error: Invalid credentials","url":"http://localhost:5000/#ai-matching","userAgent":"Mozilla/5.0 (Windows NT 10.0; Win64; x64) AppleWebKit/537.36 (KHTML, like Gecko) Chrome/141.0.0.0 Safari/537.36"}}
{"timestamp":"2025-10-17T08:36:58.527Z","level":"WARN","message":"Browser error report","data":{"message":"❌ Error name: Error","url":"http://localhost:5000/#ai-matching","userAgent":"Mozilla/5.0 (Windows NT 10.0; Win64; x64) AppleWebKit/537.36 (KHTML, like Gecko) Chrome/141.0.0.0 Safari/537.36"}}
{"timestamp":"2025-10-17T08:36:58.529Z","level":"WARN","message":"Browser error report","data":{"message":"❌ Error message: Invalid credentials","url":"http://localhost:5000/#ai-matching","userAgent":"Mozilla/5.0 (Windows NT 10.0; Win64; x64) AppleWebKit/537.36 (KHTML, like Gecko) Chrome/141.0.0.0 Safari/537.36"}}
{"timestamp":"2025-10-17T08:36:58.532Z","level":"WARN","message":"Browser error report","data":{"message":"❌ Error stack: Error: Invalid credentials\n    at http://localhost:5000/:4343:31","url":"http://localhost:5000/#ai-matching","userAgent":"Mozilla/5.0 (Windows NT 10.0; Win64; x64) AppleWebKit/537.36 (KHTML, like Gecko) Chrome/141.0.0.0 Safari/537.36"}}
{"timestamp":"2025-10-17T08:37:23.996Z","level":"WARN","message":"Browser error report","data":{"message":"Script loaded successfully","url":"http://localhost:5000/#ai-matching","userAgent":"Mozilla/5.0 (Windows NT 10.0; Win64; x64) AppleWebKit/537.36 (KHTML, like Gecko) Chrome/141.0.0.0 Safari/537.36"}}
{"timestamp":"2025-10-17T08:37:39.670Z","level":"WARN","message":"Browser error report","data":{"message":"HTTP 400: Bad Request","url":"http://localhost:5000/api/auth/login","userAgent":"Mozilla/5.0 (Windows NT 10.0; Win64; x64) AppleWebKit/537.36 (KHTML, like Gecko) Chrome/141.0.0.0 Safari/537.36"}}
{"timestamp":"2025-10-17T08:37:39.673Z","level":"WARN","message":"Browser error report","data":{"message":"❌ Login error: Error: Invalid credentials","url":"http://localhost:5000/#ai-matching","userAgent":"Mozilla/5.0 (Windows NT 10.0; Win64; x64) AppleWebKit/537.36 (KHTML, like Gecko) Chrome/141.0.0.0 Safari/537.36"}}
{"timestamp":"2025-10-17T08:37:39.676Z","level":"WARN","message":"Browser error report","data":{"message":"❌ Error name: Error","url":"http://localhost:5000/#ai-matching","userAgent":"Mozilla/5.0 (Windows NT 10.0; Win64; x64) AppleWebKit/537.36 (KHTML, like Gecko) Chrome/141.0.0.0 Safari/537.36"}}
{"timestamp":"2025-10-17T08:37:39.680Z","level":"WARN","message":"Browser error report","data":{"message":"❌ Error message: Invalid credentials","url":"http://localhost:5000/#ai-matching","userAgent":"Mozilla/5.0 (Windows NT 10.0; Win64; x64) AppleWebKit/537.36 (KHTML, like Gecko) Chrome/141.0.0.0 Safari/537.36"}}
{"timestamp":"2025-10-17T08:37:39.682Z","level":"WARN","message":"Browser error report","data":{"message":"❌ Error stack: Error: Invalid credentials\n    at http://localhost:5000/:4343:31","url":"http://localhost:5000/#ai-matching","userAgent":"Mozilla/5.0 (Windows NT 10.0; Win64; x64) AppleWebKit/537.36 (KHTML, like Gecko) Chrome/141.0.0.0 Safari/537.36"}}
{"timestamp":"2025-10-17T08:37:50.741Z","level":"WARN","message":"Browser error report","data":{"message":"Script loaded successfully","url":"http://localhost:5000/#ai-matching","userAgent":"Mozilla/5.0 (Windows NT 10.0; Win64; x64) AppleWebKit/537.36 (KHTML, like Gecko) Chrome/141.0.0.0 Safari/537.36"}}
{"timestamp":"2025-10-17T08:38:10.980Z","level":"WARN","message":"Browser error report","data":{"message":"Script loaded successfully","url":"http://localhost:5000/#ai-matching","userAgent":"Mozilla/5.0 (Windows NT 10.0; Win64; x64) AppleWebKit/537.36 (KHTML, like Gecko) Chrome/141.0.0.0 Safari/537.36"}}
{"timestamp":"2025-10-17T08:38:37.585Z","level":"WARN","message":"Browser error report","data":{"message":"HTTP 400: Bad Request","url":"http://localhost:5000/api/auth/login","userAgent":"Mozilla/5.0 (Windows NT 10.0; Win64; x64) AppleWebKit/537.36 (KHTML, like Gecko) Chrome/141.0.0.0 Safari/537.36"}}
{"timestamp":"2025-10-17T08:38:37.588Z","level":"WARN","message":"Browser error report","data":{"message":"❌ Login error: Error: Invalid credentials","url":"http://localhost:5000/#ai-matching","userAgent":"Mozilla/5.0 (Windows NT 10.0; Win64; x64) AppleWebKit/537.36 (KHTML, like Gecko) Chrome/141.0.0.0 Safari/537.36"}}
{"timestamp":"2025-10-17T08:38:37.591Z","level":"WARN","message":"Browser error report","data":{"message":"❌ Error name: Error","url":"http://localhost:5000/#ai-matching","userAgent":"Mozilla/5.0 (Windows NT 10.0; Win64; x64) AppleWebKit/537.36 (KHTML, like Gecko) Chrome/141.0.0.0 Safari/537.36"}}
{"timestamp":"2025-10-17T08:38:37.593Z","level":"WARN","message":"Browser error report","data":{"message":"❌ Error message: Invalid credentials","url":"http://localhost:5000/#ai-matching","userAgent":"Mozilla/5.0 (Windows NT 10.0; Win64; x64) AppleWebKit/537.36 (KHTML, like Gecko) Chrome/141.0.0.0 Safari/537.36"}}
{"timestamp":"2025-10-17T08:38:37.595Z","level":"WARN","message":"Browser error report","data":{"message":"❌ Error stack: Error: Invalid credentials\n    at http://localhost:5000/:4343:31","url":"http://localhost:5000/#ai-matching","userAgent":"Mozilla/5.0 (Windows NT 10.0; Win64; x64) AppleWebKit/537.36 (KHTML, like Gecko) Chrome/141.0.0.0 Safari/537.36"}}
